cow_id,breed,current_risk,risk_category,milk_conductivity_ms_cm,cow_activity,milk_yield_liters,milk_temperature_c,environment_temperature_c,humidity_percent,risk_24h,risk_48h,risk_3d,7d_probability,14d_probability,history_json
COW_034,Gir / Sahiwal / HF Cross,87.5,High Risk,6.91,191,12.2,39.3,31.4,78.3,90.8,93.1,97.5,98.5,98.5,"[{""day"": ""Day -14"", ""day_num"": -14, ""risk"": 63.1}, {""day"": ""Day -13"", ""day_num"": -13, ""risk"": 64.4}, {""day"": ""Day -12"", ""day_num"": -12, ""risk"": 66.6}, {""day"": ""Day -11"", ""day_num"": -11, ""risk"": 67.8}, {""day"": ""Day -10"", ""day_num"": -10, ""risk"": 69.8}, {""day"": ""Day -9"", ""day_num"": -9, ""risk"": 72.3}, {""day"": ""Day -8"", ""day_num"": -8, ""risk"": 71.7}, {""day"": ""Day -7"", ""day_num"": -7, ""risk"": 74.5}, {""day"": ""Day -6"", ""day_num"": -6, ""risk"": 75.3}, {""day"": ""Day -5"", ""day_num"": -5, ""risk"": 80.2}, {""day"": ""Day -4"", ""day_num"": -4, ""risk"": 81.9}, {""day"": ""Day -3"", ""day_num"": -3, ""risk"": 80.1}, {""day"": ""Day -2"", ""day_num"": -2, ""risk"": 84.6}, {""day"": ""Day -1"", ""day_num"": -1, ""risk"": 87.3}, {""day"": ""Day 0"", ""day_num"": 0, ""risk"": 86.2}]"
COW_040,Gir / Sahiwal / HF Cross,86.1,High Risk,8.44,210,15.0,39.4,33.6,62.1,88.3,91.8,94.6,97.8,98.5,"[{""day"": ""Day -14"", ""day_num"": -14, ""risk"": 59.0}, {""day"": ""Day -13"", ""day_num"": -13, ""risk"": 61.9}, {""day"": ""Day -12"", ""day_num"": -12, ""risk"": 65.0}, {""day"": ""Day -11"", ""day_num"": -11, ""risk"": 68.3}, {""day"": ""Day -10"", ""day_num"": -10, ""risk"": 68.7}, {""day"": ""Day -9"", ""day_num"": -9, ""risk"": 69.0}, {""day"": ""Day -8"", ""day_num"": -8, ""risk"": 72.3}, {""day"": ""Day -7"", ""day_num"": -7, ""risk"": 73.7}, {""day"": ""Day -6"", ""day_num"": -6, ""risk"": 76.4}, {""day"": ""Day -5"", ""day_num"": -5, ""risk"": 75.6}, {""day"": ""Day -4"", ""day_num"": -4, ""risk"": 80.0}, {""day"": ""Day -3"", ""day_num"": -3, ""risk"": 80.9}, {""day"": ""Day -2"", ""day_num"": -2, ""risk"": 84.4}, {""day"": ""Day -1"", ""day_num"": -1, ""risk"": 83.7}, {""day"": ""Day 0"", ""day_num"": 0, ""risk"": 86.6}]"
COW_011,Gir / Sahiwal / HF Cross,85.7,High Risk,7.95,183,13.7,40.4,32.1,66.8,89.1,92.8,96.6,98.5,98.5,"[{""day"": ""Day -14"", ""day_num"": -14, ""risk"": 57.8}, {""day"": ""Day -13"", ""day_num"": -13, ""risk"": 62.4}, {""day"": ""Day -12"", ""day_num"": -12, ""risk"": 64.3}, {""day"": ""Day -11"", ""day_num"": -11, ""risk"": 65.4}, {""day"": ""Day -10"", ""day_num"": -10, ""risk"": 68.1}, {""day"": ""Day -9"", ""day_num"": -9, ""risk"": 69.3}, {""day"": ""Day -8"", ""day_num"": -8, ""risk"": 69.4}, {""day"": ""Day -7"", ""day_num"": -7, ""risk"": 71.6}, {""day"": ""Day -6"", ""day_num"": -6, ""risk"": 73.2}, {""day"": ""Day -5"", ""day_num"": -5, ""risk"": 75.8}, {""day"": ""Day -4"", ""day_num"": -4, ""risk"": 76.3}, {""day"": ""Day -3"", ""day_num"": -3, ""risk"": 80.5}, {""day"": ""Day -2"", ""day_num"": -2, ""risk"": 81.3}, {""day"": ""Day -1"", ""day_num"": -1, ""risk"": 84.4}, {""day"": ""Day 0"", ""day_num"": 0, ""risk"": 85.2}]"
COW_054,Gir / Sahiwal / HF Cross,85.1,High Risk,7.5,224,13.8,40.4,32.4,77.3,87.8,91.4,95.7,98.0,98.5,"[{""day"": ""Day -14"", ""day_num"": -14, ""risk"": 57.5}, {""day"": ""Day -13"", ""day_num"": -13, ""risk"": 61.1}, {""day"": ""Day -12"", ""day_num"": -12, ""risk"": 63.3}, {""day"": ""Day -11"", ""day_num"": -11, ""risk"": 63.1}, {""day"": ""Day -10"", ""day_num"": -10, ""risk"": 64.6}, {""day"": ""Day -9"", ""day_num"": -9, ""risk"": 68.7}, {""day"": ""Day -8"", ""day_num"": -8, ""risk"": 68.6}, {""day"": ""Day -7"", ""day_num"": -7, ""risk"": 72.7}, {""day"": ""Day -6"", ""day_num"": -6, ""risk"": 73.1}, {""day"": ""Day -5"", ""day_num"": -5, ""risk"": 76.0}, {""day"": ""Day -4"", ""day_num"": -4, ""risk"": 75.7}, {""day"": ""Day -3"", ""day_num"": -3, ""risk"": 79.7}, {""day"": ""Day -2"", ""day_num"": -2, ""risk"": 81.0}, {""day"": ""Day -1"", ""day_num"": -1, ""risk"": 83.5}, {""day"": ""Day 0"", ""day_num"": 0, ""risk"": 83.7}]"
COW_071,Gir / Sahiwal / HF Cross,84.3,High Risk,7.04,194,10.1,40.1,31.4,70.5,87.8,90.9,95.3,97.3,98.5,"[{""day"": ""Day -14"", ""day_num"": -14, ""risk"": 65.1}, {""day"": ""Day -13"", ""day_num"": -13, ""risk"": 67.5}, {""day"": ""Day -12"", ""day_num"": -12, ""risk"": 66.1}, {""day"": ""Day -11"", ""day_num"": -11, ""risk"": 69.1}, {""day"": ""Day -10"", ""day_num"": -10, ""risk"": 68.7}, {""day"": ""Day -9"", ""day_num"": -9, ""risk"": 71.6}, {""day"": ""Day -8"", ""day_num"": -8, ""risk"": 72.7}, {""day"": ""Day -7"", ""day_num"": -7, ""risk"": 76.1}, {""day"": ""Day -6"", ""day_num"": -6, ""risk"": 76.1}, {""day"": ""Day -5"", ""day_num"": -5, ""risk"": 76.5}, {""day"": ""Day -4"", ""day_num"": -4, ""risk"": 77.0}, {""day"": ""Day -3"", ""day_num"": -3, ""risk"": 78.6}, {""day"": ""Day -2"", ""day_num"": -2, ""risk"": 80.4}, {""day"": ""Day -1"", ""day_num"": -1, ""risk"": 81.9}, {""day"": ""Day 0"", ""day_num"": 0, ""risk"": 85.8}]"
COW_077,Gir / Sahiwal / HF Cross,84.2,High Risk,7.55,193,15.4,39.5,33.8,76.5,87.3,89.4,93.7,96.7,98.5,"[{""day"": ""Day -14"", ""day_num"": -14, ""risk"": 67.9}, {""day"": ""Day -13"", ""day_num"": -13, ""risk"": 69.8}, {""day"": ""Day -12"", ""day_num"": -12, ""risk"": 70.9}, {""day"": ""Day -11"", ""day_num"": -11, ""risk"": 71.3}, {""day"": ""Day -10"", ""day_num"": -10, ""risk"": 73.0}, {""day"": ""Day -9"", ""day_num"": -9, ""risk"": 73.1}, {""day"": ""Day -8"", ""day_num"": -8, ""risk"": 75.3}, {""day"": ""Day -7"", ""day_num"": -7, ""risk"": 77.9}, {""day"": ""Day -6"", ""day_num"": -6, ""risk"": 77.7}, {""day"": ""Day -5"", ""day_num"": -5, ""risk"": 76.9}, {""day"": ""Day -4"", ""day_num"": -4, ""risk"": 79.6}, {""day"": ""Day -3"", ""day_num"": -3, ""risk"": 79.1}, {""day"": ""Day -2"", ""day_num"": -2, ""risk"": 83.9}, {""day"": ""Day -1"", ""day_num"": -1, ""risk"": 81.6}, {""day"": ""Day 0"", ""day_num"": 0, ""risk"": 85.0}]"
COW_019,Gir / Sahiwal / HF Cross,83.2,High Risk,8.17,189,15.6,39.8,29.0,65.6,85.2,88.1,92.6,95.3,97.3,"[{""day"": ""Day -14"", ""day_num"": -14, ""risk"": 54.5}, {""day"": ""Day -13"", ""day_num"": -13, ""risk"": 55.8}, {""day"": ""Day -12"", ""day_num"": -12, ""risk"": 58.0}, {""day"": ""Day -11"", ""day_num"": -11, ""risk"": 59.9}, {""day"": ""Day -10"", ""day_num"": -10, ""risk"": 62.0}, {""day"": ""Day -9"", ""day_num"": -9, ""risk"": 63.9}, {""day"": ""Day -8"", ""day_num"": -8, ""risk"": 67.9}, {""day"": ""Day -7"", ""day_num"": -7, ""risk"": 68.1}, {""day"": ""Day -6"", ""day_num"": -6, ""risk"": 70.7}, {""day"": ""Day -5"", ""day_num"": -5, ""risk"": 74.9}, {""day"": ""Day -4"", ""day_num"": -4, ""risk"": 75.2}, {""day"": ""Day -3"", ""day_num"": -3, ""risk"": 77.9}, {""day"": ""Day -2"", ""day_num"": -2, ""risk"": 77.9}, {""day"": ""Day -1"", ""day_num"": -1, ""risk"": 80.0}, {""day"": ""Day 0"", ""day_num"": 0, ""risk"": 81.3}]"
COW_078,Gir / Sahiwal / HF Cross,83.2,High Risk,8.24,224,15.8,40.1,33.4,63.7,85.3,89.0,92.0,95.3,97.0,"[{""day"": ""Day -14"", ""day_num"": -14, ""risk"": 54.3}, {""day"": ""Day -13"", ""day_num"": -13, ""risk"": 54.6}, {""day"": ""Day -12"", ""day_num"": -12, ""risk"": 57.2}, {""day"": ""Day -11"", ""day_num"": -11, ""risk"": 58.4}, {""day"": ""Day -10"", ""day_num"": -10, ""risk"": 62.3}, {""day"": ""Day -9"", ""day_num"": -9, ""risk"": 63.7}, {""day"": ""Day -8"", ""day_num"": -8, ""risk"": 67.0}, {""day"": ""Day -7"", ""day_num"": -7, ""risk"": 67.8}, {""day"": ""Day -6"", ""day_num"": -6, ""risk"": 69.9}, {""day"": ""Day -5"", ""day_num"": -5, ""risk"": 73.8}, {""day"": ""Day -4"", ""day_num"": -4, ""risk"": 73.1}, {""day"": ""Day -3"", ""day_num"": -3, ""risk"": 78.6}, {""day"": ""Day -2"", ""day_num"": -2, ""risk"": 80.4}, {""day"": ""Day -1"", ""day_num"": -1, ""risk"": 81.8}, {""day"": ""Day 0"", ""day_num"": 0, ""risk"": 83.6}]"
COW_005,Gir / Sahiwal / HF Cross,83.1,High Risk,7.27,195,14.9,39.9,29.0,71.0,85.7,88.2,90.9,94.2,97.1,"[{""day"": ""Day -14"", ""day_num"": -14, ""risk"": 54.8}, {""day"": ""Day -13"", ""day_num"": -13, ""risk"": 56.8}, {""day"": ""Day -12"", ""day_num"": -12, ""risk"": 60.3}, {""day"": ""Day -11"", ""day_num"": -11, ""risk"": 63.0}, {""day"": ""Day -10"", ""day_num"": -10, ""risk"": 64.9}, {""day"": ""Day -9"", ""day_num"": -9, ""risk"": 66.5}, {""day"": ""Day -8"", ""day_num"": -8, ""risk"": 67.9}, {""day"": ""Day -7"", ""day_num"": -7, ""risk"": 67.6}, {""day"": ""Day -6"", ""day_num"": -6, ""risk"": 69.9}, {""day"": ""Day -5"", ""day_num"": -5, ""risk"": 74.8}, {""day"": ""Day -4"", ""day_num"": -4, ""risk"": 75.7}, {""day"": ""Day -3"", ""day_num"": -3, ""risk"": 75.2}, {""day"": ""Day -2"", ""day_num"": -2, ""risk"": 77.6}, {""day"": ""Day -1"", ""day_num"": -1, ""risk"": 81.8}, {""day"": ""Day 0"", ""day_num"": 0, ""risk"": 81.2}]"
COW_084,Gir / Sahiwal / HF Cross,81.4,High Risk,7.26,211,14.9,40.3,29.9,73.5,84.8,87.6,90.8,93.7,95.7,"[{""day"": ""Day -14"", ""day_num"": -14, ""risk"": 55.2}, {""day"": ""Day -13"", ""day_num"": -13, ""risk"": 57.1}, {""day"": ""Day -12"", ""day_num"": -12, ""risk"": 57.8}, {""day"": ""Day -11"", ""day_num"": -11, ""risk"": 58.9}, {""day"": ""Day -10"", ""day_num"": -10, ""risk"": 61.9}, {""day"": ""Day -9"", ""day_num"": -9, ""risk"": 62.6}, {""day"": ""Day -8"", ""day_num"": -8, ""risk"": 67.6}, {""day"": ""Day -7"", ""day_num"": -7, ""risk"": 67.3}, {""day"": ""Day -6"", ""day_num"": -6, ""risk"": 68.5}, {""day"": ""Day -5"", ""day_num"": -5, ""risk"": 69.9}, {""day"": ""Day -4"", ""day_num"": -4, ""risk"": 74.3}, {""day"": ""Day -3"", ""day_num"": -3, ""risk"": 76.2}, {""day"": ""Day -2"", ""day_num"": -2, ""risk"": 76.9}, {""day"": ""Day -1"", ""day_num"": -1, ""risk"": 77.8}, {""day"": ""Day 0"", ""day_num"": 0, ""risk"": 81.1}]"
COW_023,Gir / Sahiwal / HF Cross,81.1,High Risk,7.35,223,11.2,40.5,30.8,72.1,84.1,86.5,90.4,93.2,95.8,"[{""day"": ""Day -14"", ""day_num"": -14, ""risk"": 49.1}, {""day"": ""Day -13"", ""day_num"": -13, ""risk"": 53.0}, {""day"": ""Day -12"", ""day_num"": -12, ""risk"": 56.9}, {""day"": ""Day -11"", ""day_num"": -11, ""risk"": 56.6}, {""day"": ""Day -10"", ""day_num"": -10, ""risk"": 59.8}, {""day"": ""Day -9"", ""day_num"": -9, ""risk"": 61.1}, {""day"": ""Day -8"", ""day_num"": -8, ""risk"": 63.6}, {""day"": ""Day -7"", ""day_num"": -7, ""risk"": 66.2}, {""day"": ""Day -6"", ""day_num"": -6, ""risk"": 68.3}, {""day"": ""Day -5"", ""day_num"": -5, ""risk"": 69.1}, {""day"": ""Day -4"", ""day_num"": -4, ""risk"": 73.2}, {""day"": ""Day -3"", ""day_num"": -3, ""risk"": 73.0}, {""day"": ""Day -2"", ""day_num"": -2, ""risk"": 75.4}, {""day"": ""Day -1"", ""day_num"": -1, ""risk"": 77.0}, {""day"": ""Day 0"", ""day_num"": 0, ""risk"": 79.6}]"
COW_081,Gir / Sahiwal / HF Cross,80.6,High Risk,8.27,241,15.0,40.3,33.3,73.4,82.7,85.6,89.0,91.3,93.4,"[{""day"": ""Day -14"", ""day_num"": -14, ""risk"": 63.8}, {""day"": ""Day -13"", ""day_num"": -13, ""risk"": 67.1}, {""day"": ""Day -12"", ""day_num"": -12, ""risk"": 66.1}, {""day"": ""Day -11"", ""day_num"": -11, ""risk"": 69.4}, {""day"": ""Day -10"", ""day_num"": -10, ""risk"": 69.4}, {""day"": ""Day -9"", ""day_num"": -9, ""risk"": 71.9}, {""day"": ""Day -8"", ""day_num"": -8, ""risk"": 71.8}, {""day"": ""Day -7"", ""day_num"": -7, ""risk"": 70.8}, {""day"": ""Day -6"", ""day_num"": -6, ""risk"": 74.5}, {""day"": ""Day -5"", ""day_num"": -5, ""risk"": 73.1}, {""day"": ""Day -4"", ""day_num"": -4, ""risk"": 75.9}, {""day"": ""Day -3"", ""day_num"": -3, ""risk"": 78.9}, {""day"": ""Day -2"", ""day_num"": -2, ""risk"": 77.0}, {""day"": ""Day -1"", ""day_num"": -1, ""risk"": 79.0}, {""day"": ""Day 0"", ""day_num"": 0, ""risk"": 81.5}]"
COW_091,Gir / Sahiwal / HF Cross,79.6,High Risk,7.26,284,11.3,39.2,33.3,76.5,81.6,84.4,88.4,90.7,93.3,"[{""day"": ""Day -14"", ""day_num"": -14, ""risk"": 47.1}, {""day"": ""Day -13"", ""day_num"": -13, ""risk"": 50.9}, {""day"": ""Day -12"", ""day_num"": -12, ""risk"": 52.1}, {""day"": ""Day -11"", ""day_num"": -11, ""risk"": 54.8}, {""day"": ""Day -10"", ""day_num"": -10, ""risk"": 56.6}, {""day"": ""Day -9"", ""day_num"": -9, ""risk"": 58.7}, {""day"": ""Day -8"", ""day_num"": -8, ""risk"": 60.1}, {""day"": ""Day -7"", ""day_num"": -7, ""risk"": 62.7}, {""day"": ""Day -6"", ""day_num"": -6, ""risk"": 64.9}, {""day"": ""Day -5"", ""day_num"": -5, ""risk"": 68.3}, {""day"": ""Day -4"", ""day_num"": -4, ""risk"": 68.9}, {""day"": ""Day -3"", ""day_num"": -3, ""risk"": 74.4}, {""day"": ""Day -2"", ""day_num"": -2, ""risk"": 75.9}, {""day"": ""Day -1"", ""day_num"": -1, ""risk"": 76.9}, {""day"": ""Day 0"", ""day_num"": 0, ""risk"": 78.3}]"
COW_074,Gir / Sahiwal / HF Cross,78.3,High Risk,8.36,283,13.1,39.8,28.7,74.5,81.0,83.3,87.0,89.6,92.4,"[{""day"": ""Day -14"", ""day_num"": -14, ""risk"": 60.0}, {""day"": ""Day -13"", ""day_num"": -13, ""risk"": 61.7}, {""day"": ""Day -12"", ""day_num"": -12, ""risk"": 60.7}, {""day"": ""Day -11"", ""day_num"": -11, ""risk"": 63.4}, {""day"": ""Day -10"", ""day_num"": -10, ""risk"": 66.1}, {""day"": ""Day -9"", ""day_num"": -9, ""risk"": 67.8}, {""day"": ""Day -8"", ""day_num"": -8, ""risk"": 67.1}, {""day"": ""Day -7"", ""day_num"": -7, ""risk"": 70.3}, {""day"": ""Day -6"", ""day_num"": -6, ""risk"": 72.3}, {""day"": ""Day -5"", ""day_num"": -5, ""risk"": 73.2}, {""day"": ""Day -4"", ""day_num"": -4, ""risk"": 71.6}, {""day"": ""Day -3"", ""day_num"": -3, ""risk"": 75.4}, {""day"": ""Day -2"", ""day_num"": -2, ""risk"": 75.0}, {""day"": ""Day -1"", ""day_num"": -1, ""risk"": 79.0}, {""day"": ""Day 0"", ""day_num"": 0, ""risk"": 78.3}]"
COW_031,Gir / Sahiwal / HF Cross,76.2,High Risk,7.51,266,10.2,40.3,33.4,73.8,78.3,81.9,85.1,88.4,90.2,"[{""day"": ""Day -14"", ""day_num"": -14, ""risk"": 42.8}, {""day"": ""Day -13"", ""day_num"": -13, ""risk"": 42.6}, {""day"": ""Day -12"", ""day_num"": -12, ""risk"": 46.9}, {""day"": ""Day -11"", ""day_num"": -11, ""risk"": 51.0}, {""day"": ""Day -10"", ""day_num"": -10, ""risk"": 51.4}, {""day"": ""Day -9"", ""day_num"": -9, ""risk"": 52.7}, {""day"": ""Day -8"", ""day_num"": -8, ""risk"": 56.4}, {""day"": ""Day -7"", ""day_num"": -7, ""risk"": 59.0}, {""day"": ""Day -6"", ""day_num"": -6, ""risk"": 62.3}, {""day"": ""Day -5"", ""day_num"": -5, ""risk"": 64.6}, {""day"": ""Day -4"", ""day_num"": -4, ""risk"": 65.9}, {""day"": ""Day -3"", ""day_num"": -3, ""risk"": 67.6}, {""day"": ""Day -2"", ""day_num"": -2, ""risk"": 71.8}, {""day"": ""Day -1"", ""day_num"": -1, ""risk"": 73.4}, {""day"": ""Day 0"", ""day_num"": 0, ""risk"": 74.7}]"
COW_046,Gir / Sahiwal / HF Cross,75.5,High Risk,8.46,279,14.5,40.3,31.0,70.9,77.9,80.0,82.8,84.8,87.3,"[{""day"": ""Day -14"", ""day_num"": -14, ""risk"": 54.0}, {""day"": ""Day -13"", ""day_num"": -13, ""risk"": 55.4}, {""day"": ""Day -12"", ""day_num"": -12, ""risk"": 55.3}, {""day"": ""Day -11"", ""day_num"": -11, ""risk"": 58.1}, {""day"": ""Day -10"", ""day_num"": -10, ""risk"": 58.9}, {""day"": ""Day -9"", ""day_num"": -9, ""risk"": 61.3}, {""day"": ""Day -8"", ""day_num"": -8, ""risk"": 62.0}, {""day"": ""Day -7"", ""day_num"": -7, ""risk"": 66.0}, {""day"": ""Day -6"", ""day_num"": -6, ""risk"": 64.9}, {""day"": ""Day -5"", ""day_num"": -5, ""risk"": 69.6}, {""day"": ""Day -4"", ""day_num"": -4, ""risk"": 69.0}, {""day"": ""Day -3"", ""day_num"": -3, ""risk"": 72.3}, {""day"": ""Day -2"", ""day_num"": -2, ""risk"": 72.9}, {""day"": ""Day -1"", ""day_num"": -1, ""risk"": 74.9}, {""day"": ""Day 0"", ""day_num"": 0, ""risk"": 76.6}]"
COW_001,Gir / Sahiwal / HF Cross,75.2,High Risk,8.04,214,14.6,39.3,28.6,60.6,77.4,79.6,83.9,86.8,88.8,"[{""day"": ""Day -14"", ""day_num"": -14, ""risk"": 58.2}, {""day"": ""Day -13"", ""day_num"": -13, ""risk"": 59.4}, {""day"": ""Day -12"", ""day_num"": -12, ""risk"": 62.2}, {""day"": ""Day -11"", ""day_num"": -11, ""risk"": 62.9}, {""day"": ""Day -10"", ""day_num"": -10, ""risk"": 65.1}, {""day"": ""Day -9"", ""day_num"": -9, ""risk"": 64.6}, {""day"": ""Day -8"", ""day_num"": -8, ""risk"": 64.4}, {""day"": ""Day -7"", ""day_num"": -7, ""risk"": 67.9}, {""day"": ""Day -6"", ""day_num"": -6, ""risk"": 69.3}, {""day"": ""Day -5"", ""day_num"": -5, ""risk"": 69.6}, {""day"": ""Day -4"", ""day_num"": -4, ""risk"": 71.6}, {""day"": ""Day -3"", ""day_num"": -3, ""risk"": 71.7}, {""day"": ""Day -2"", ""day_num"": -2, ""risk"": 72.9}, {""day"": ""Day -1"", ""day_num"": -1, ""risk"": 73.7}, {""day"": ""Day 0"", ""day_num"": 0, ""risk"": 73.3}]"
COW_045,Gir / Sahiwal / HF Cross,72.7,High Risk,7.97,283,13.8,40.1,29.0,77.4,74.2,78.1,80.7,83.5,86.1,"[{""day"": ""Day -14"", ""day_num"": -14, ""risk"": 41.1}, {""day"": ""Day -13"", ""day_num"": -13, ""risk"": 43.8}, {""day"": ""Day -12"", ""day_num"": -12, ""risk"": 44.2}, {""day"": ""Day -11"", ""day_num"": -11, ""risk"": 48.4}, {""day"": ""Day -10"", ""day_num"": -10, ""risk"": 47.8}, {""day"": ""Day -9"", ""day_num"": -9, ""risk"": 53.4}, {""day"": ""Day -8"", ""day_num"": -8, ""risk"": 54.3}, {""day"": ""Day -7"", ""day_num"": -7, ""risk"": 57.7}, {""day"": ""Day -6"", ""day_num"": -6, ""risk"": 58.6}, {""day"": ""Day -5"", ""day_num"": -5, ""risk"": 61.7}, {""day"": ""Day -4"", ""day_num"": -4, ""risk"": 63.5}, {""day"": ""Day -3"", ""day_num"": -3, ""risk"": 66.6}, {""day"": ""Day -2"", ""day_num"": -2, ""risk"": 66.4}, {""day"": ""Day -1"", ""day_num"": -1, ""risk"": 68.6}, {""day"": ""Day 0"", ""day_num"": 0, ""risk"": 71.6}]"
COW_041,Gir / Sahiwal / HF Cross,66.4,Moderate Risk,6.42,367,18.5,39.0,30.7,63.3,67.5,70.5,73.4,76.6,78.2,"[{""day"": ""Day -14"", ""day_num"": -14, ""risk"": 35.8}, {""day"": ""Day -13"", ""day_num"": -13, ""risk"": 38.1}, {""day"": ""Day -12"", ""day_num"": -12, ""risk"": 39.6}, {""day"": ""Day -11"", ""day_num"": -11, ""risk"": 39.4}, {""day"": ""Day -10"", ""day_num"": -10, ""risk"": 44.2}, {""day"": ""Day -9"", ""day_num"": -9, ""risk"": 43.6}, {""day"": ""Day -8"", ""day_num"": -8, ""risk"": 45.9}, {""day"": ""Day -7"", ""day_num"": -7, ""risk"": 49.4}, {""day"": ""Day -6"", ""day_num"": -6, ""risk"": 52.4}, {""day"": ""Day -5"", ""day_num"": -5, ""risk"": 55.9}, {""day"": ""Day -4"", ""day_num"": -4, ""risk"": 57.8}, {""day"": ""Day -3"", ""day_num"": -3, ""risk"": 59.2}, {""day"": ""Day -2"", ""day_num"": -2, ""risk"": 60.8}, {""day"": ""Day -1"", ""day_num"": -1, ""risk"": 66.0}, {""day"": ""Day 0"", ""day_num"": 0, ""risk"": 66.1}]"
COW_027,Gir / Sahiwal / HF Cross,66.2,Moderate Risk,6.31,367,21.0,38.6,31.6,62.3,68.9,72.3,75.2,77.4,79.0,"[{""day"": ""Day -14"", ""day_num"": -14, ""risk"": 50.5}, {""day"": ""Day -13"", ""day_num"": -13, ""risk"": 52.0}, {""day"": ""Day -12"", ""day_num"": -12, ""risk"": 50.1}, {""day"": ""Day -11"", ""day_num"": -11, ""risk"": 51.8}, {""day"": ""Day -10"", ""day_num"": -10, ""risk"": 52.7}, {""day"": ""Day -9"", ""day_num"": -9, ""risk"": 54.0}, {""day"": ""Day -8"", ""day_num"": -8, ""risk"": 57.8}, {""day"": ""Day -7"", ""day_num"": -7, ""risk"": 57.0}, {""day"": ""Day -6"", ""day_num"": -6, ""risk"": 58.2}, {""day"": ""Day -5"", ""day_num"": -5, ""risk"": 59.0}, {""day"": ""Day -4"", ""day_num"": -4, ""risk"": 61.8}, {""day"": ""Day -3"", ""day_num"": -3, ""risk"": 62.1}, {""day"": ""Day -2"", ""day_num"": -2, ""risk"": 64.8}, {""day"": ""Day -1"", ""day_num"": -1, ""risk"": 63.8}, {""day"": ""Day 0"", ""day_num"": 0, ""risk"": 67.4}]"
COW_089,Gir / Sahiwal / HF Cross,59.9,Moderate Risk,6.45,353,19.6,38.9,28.6,68.0,62.5,66.0,68.9,72.3,74.9,"[{""day"": ""Day -14"", ""day_num"": -14, ""risk"": 31.0}, {""day"": ""Day -13"", ""day_num"": -13, ""risk"": 30.0}, {""day"": ""Day -12"", ""day_num"": -12, ""risk"": 35.4}, {""day"": ""Day -11"", ""day_num"": -11, ""risk"": 34.0}, {""day"": ""Day -10"", ""day_num"": -10, ""risk"": 35.8}, {""day"": ""Day -9"", ""day_num"": -9, ""risk"": 38.2}, {""day"": ""Day -8"", ""day_num"": -8, ""risk"": 41.6}, {""day"": ""Day -7"", ""day_num"": -7, ""risk"": 45.0}, {""day"": ""Day -6"", ""day_num"": -6, ""risk"": 44.9}, {""day"": ""Day -5"", ""day_num"": -5, ""risk"": 46.9}, {""day"": ""Day -4"", ""day_num"": -4, ""risk"": 52.8}, {""day"": ""Day -3"", ""day_num"": -3, ""risk"": 54.6}, {""day"": ""Day -2"", ""day_num"": -2, ""risk"": 56.7}, {""day"": ""Day -1"", ""day_num"": -1, ""risk"": 59.2}, {""day"": ""Day 0"", ""day_num"": 0, ""risk"": 60.7}]"
COW_032,Gir / Sahiwal / HF Cross,59.8,Moderate Risk,6.54,384,21.1,38.8,32.6,61.4,60.9,63.4,66.7,70.1,71.8,"[{""day"": ""Day -14"", ""day_num"": -14, ""risk"": 41.0}, {""day"": ""Day -13"", ""day_num"": -13, ""risk"": 42.3}, {""day"": ""Day -12"", ""day_num"": -12, ""risk"": 45.4}, {""day"": ""Day -11"", ""day_num"": -11, ""risk"": 44.8}, {""day"": ""Day -10"", ""day_num"": -10, ""risk"": 47.6}, {""day"": ""Day -9"", ""day_num"": -9, ""risk"": 48.3}, {""day"": ""Day -8"", ""day_num"": -8, ""risk"": 49.9}, {""day"": ""Day -7"", ""day_num"": -7, ""risk"": 52.2}, {""day"": ""Day -6"", ""day_num"": -6, ""risk"": 51.8}, {""day"": ""Day -5"", ""day_num"": -5, ""risk"": 54.5}, {""day"": ""Day -4"", ""day_num"": -4, ""risk"": 54.4}, {""day"": ""Day -3"", ""day_num"": -3, ""risk"": 55.4}, {""day"": ""Day -2"", ""day_num"": -2, ""risk"": 59.1}, {""day"": ""Day -1"", ""day_num"": -1, ""risk"": 57.2}, {""day"": ""Day 0"", ""day_num"": 0, ""risk"": 58.1}]"
COW_070,Gir / Sahiwal / HF Cross,53.4,Moderate Risk,6.46,369,17.3,38.7,30.1,66.3,54.7,57.2,61.5,64.4,66.0,"[{""day"": ""Day -14"", ""day_num"": -14, ""risk"": 30.9}, {""day"": ""Day -13"", ""day_num"": -13, ""risk"": 32.3}, {""day"": ""Day -12"", ""day_num"": -12, ""risk"": 34.8}, {""day"": ""Day -11"", ""day_num"": -11, ""risk"": 36.2}, {""day"": ""Day -10"", ""day_num"": -10, ""risk"": 39.8}, {""day"": ""Day -9"", ""day_num"": -9, ""risk"": 42.0}, {""day"": ""Day -8"", ""day_num"": -8, ""risk"": 41.0}, {""day"": ""Day -7"", ""day_num"": -7, ""risk"": 42.7}, {""day"": ""Day -6"", ""day_num"": -6, ""risk"": 45.9}, {""day"": ""Day -5"", ""day_num"": -5, ""risk"": 45.1}, {""day"": ""Day -4"", ""day_num"": -4, ""risk"": 46.1}, {""day"": ""Day -3"", ""day_num"": -3, ""risk"": 50.3}, {""day"": ""Day -2"", ""day_num"": -2, ""risk"": 48.6}, {""day"": ""Day -1"", ""day_num"": -1, ""risk"": 52.4}, {""day"": ""Day 0"", ""day_num"": 0, ""risk"": 53.6}]"
COW_013,Gir / Sahiwal / HF Cross,52.1,Moderate Risk,5.81,318,17.5,38.8,31.7,62.0,55.5,59.4,62.8,66.1,68.5,"[{""day"": ""Day -14"", ""day_num"": -14, ""risk"": 30.6}, {""day"": ""Day -13"", ""day_num"": -13, ""risk"": 33.4}, {""day"": ""Day -12"", ""day_num"": -12, ""risk"": 35.2}, {""day"": ""Day -11"", ""day_num"": -11, ""risk"": 36.9}, {""day"": ""Day -10"", ""day_num"": -10, ""risk"": 38.4}, {""day"": ""Day -9"", ""day_num"": -9, ""risk"": 37.1}, {""day"": ""Day -8"", ""day_num"": -8, ""risk"": 40.2}, {""day"": ""Day -7"", ""day_num"": -7, ""risk"": 39.9}, {""day"": ""Day -6"", ""day_num"": -6, ""risk"": 43.4}, {""day"": ""Day -5"", ""day_num"": -5, ""risk"": 44.4}, {""day"": ""Day -4"", ""day_num"": -4, ""risk"": 47.7}, {""day"": ""Day -3"", ""day_num"": -3, ""risk"": 47.1}, {""day"": ""Day -2"", ""day_num"": -2, ""risk"": 47.6}, {""day"": ""Day -1"", ""day_num"": -1, ""risk"": 49.2}, {""day"": ""Day 0"", ""day_num"": 0, ""risk"": 53.2}]"
COW_016,Gir / Sahiwal / HF Cross,50.7,Moderate Risk,5.95,335,19.3,38.8,32.9,79.7,53.2,54.9,59.3,63.3,66.2,"[{""day"": ""Day -14"", ""day_num"": -14, ""risk"": 24.2}, {""day"": ""Day -13"", ""day_num"": -13, ""risk"": 28.1}, {""day"": ""Day -12"", ""day_num"": -12, ""risk"": 29.4}, {""day"": ""Day -11"", ""day_num"": -11, ""risk"": 29.2}, {""day"": ""Day -10"", ""day_num"": -10, ""risk"": 34.0}, {""day"": ""Day -9"", ""day_num"": -9, ""risk"": 35.5}, {""day"": ""Day -8"", ""day_num"": -8, ""risk"": 37.8}, {""day"": ""Day -7"", ""day_num"": -7, ""risk"": 38.8}, {""day"": ""Day -6"", ""day_num"": -6, ""risk"": 40.2}, {""day"": ""Day -5"", ""day_num"": -5, ""risk"": 41.2}, {""day"": ""Day -4"", ""day_num"": -4, ""risk"": 45.1}, {""day"": ""Day -3"", ""day_num"": -3, ""risk"": 46.7}, {""day"": ""Day -2"", ""day_num"": -2, ""risk"": 45.2}, {""day"": ""Day -1"", ""day_num"": -1, ""risk"": 47.0}, {""day"": ""Day 0"", ""day_num"": 0, ""risk"": 50.2}]"
COW_056,Gir / Sahiwal / HF Cross,47.9,Moderate Risk,6.12,367,19.2,39.0,30.5,68.5,50.6,52.2,55.8,58.4,61.1,"[{""day"": ""Day -14"", ""day_num"": -14, ""risk"": 18.2}, {""day"": ""Day -13"", ""day_num"": -13, ""risk"": 21.2}, {""day"": ""Day -12"", ""day_num"": -12, ""risk"": 22.1}, {""day"": ""Day -11"", ""day_num"": -11, ""risk"": 23.6}, {""day"": ""Day -10"", ""day_num"": -10, ""risk"": 27.0}, {""day"": ""Day -9"", ""day_num"": -9, ""risk"": 29.0}, {""day"": ""Day -8"", ""day_num"": -8, ""risk"": 33.5}, {""day"": ""Day -7"", ""day_num"": -7, ""risk"": 33.4}, {""day"": ""Day -6"", ""day_num"": -6, ""risk"": 35.0}, {""day"": ""Day -5"", ""day_num"": -5, ""risk"": 38.0}, {""day"": ""Day -4"", ""day_num"": -4, ""risk"": 38.1}, {""day"": ""Day -3"", ""day_num"": -3, ""risk"": 43.6}, {""day"": ""Day -2"", ""day_num"": -2, ""risk"": 44.3}, {""day"": ""Day -1"", ""day_num"": -1, ""risk"": 46.9}, {""day"": ""Day 0"", ""day_num"": 0, ""risk"": 46.6}]"
COW_043,Gir / Sahiwal / HF Cross,44.4,Moderate Risk,5.94,326,21.2,39.0,30.4,69.6,46.9,48.8,50.8,54.7,57.4,"[{""day"": ""Day -14"", ""day_num"": -14, ""risk"": 13.4}, {""day"": ""Day -13"", ""day_num"": -13, ""risk"": 14.1}, {""day"": ""Day -12"", ""day_num"": -12, ""risk"": 16.4}, {""day"": ""Day -11"", ""day_num"": -11, ""risk"": 20.8}, {""day"": ""Day -10"", ""day_num"": -10, ""risk"": 22.0}, {""day"": ""Day -9"", ""day_num"": -9, ""risk"": 23.3}, {""day"": ""Day -8"", ""day_num"": -8, ""risk"": 26.7}, {""day"": ""Day -7"", ""day_num"": -7, ""risk"": 27.2}, {""day"": ""Day -6"", ""day_num"": -6, ""risk"": 31.4}, {""day"": ""Day -5"", ""day_num"": -5, ""risk"": 32.4}, {""day"": ""Day -4"", ""day_num"": -4, ""risk"": 36.7}, {""day"": ""Day -3"", ""day_num"": -3, ""risk"": 37.0}, {""day"": ""Day -2"", ""day_num"": -2, ""risk"": 39.8}, {""day"": ""Day -1"", ""day_num"": -1, ""risk"": 40.2}, {""day"": ""Day 0"", ""day_num"": 0, ""risk"": 42.7}]"
COW_097,Gir / Sahiwal / HF Cross,44.0,Moderate Risk,6.13,358,20.6,38.9,30.5,66.0,47.2,50.8,53.6,56.2,59.6,"[{""day"": ""Day -14"", ""day_num"": -14, ""risk"": 20.0}, {""day"": ""Day -13"", ""day_num"": -13, ""risk"": 18.9}, {""day"": ""Day -12"", ""day_num"": -12, ""risk"": 22.6}, {""day"": ""Day -11"", ""day_num"": -11, ""risk"": 25.1}, {""day"": ""Day -10"", ""day_num"": -10, ""risk"": 27.5}, {""day"": ""Day -9"", ""day_num"": -9, ""risk"": 26.9}, {""day"": ""Day -8"", ""day_num"": -8, ""risk"": 30.3}, {""day"": ""Day -7"", ""day_num"": -7, ""risk"": 31.3}, {""day"": ""Day -6"", ""day_num"": -6, ""risk"": 31.3}, {""day"": ""Day -5"", ""day_num"": -5, ""risk"": 35.6}, {""day"": ""Day -4"", ""day_num"": -4, ""risk"": 37.4}, {""day"": ""Day -3"", ""day_num"": -3, ""risk"": 40.2}, {""day"": ""Day -2"", ""day_num"": -2, ""risk"": 40.3}, {""day"": ""Day -1"", ""day_num"": -1, ""risk"": 41.1}, {""day"": ""Day 0"", ""day_num"": 0, ""risk"": 42.1}]"
COW_029,Gir / Sahiwal / HF Cross,34.0,Low Risk,5.23,461,21.8,38.3,32.0,60.5,32.6,33.5,34.8,34.6,37.2,"[{""day"": ""Day -14"", ""day_num"": -14, ""risk"": 10.0}, {""day"": ""Day -13"", ""day_num"": -13, ""risk"": 11.4}, {""day"": ""Day -12"", ""day_num"": -12, ""risk"": 13.0}, {""day"": ""Day -11"", ""day_num"": -11, ""risk"": 15.3}, {""day"": ""Day -10"", ""day_num"": -10, ""risk"": 15.4}, {""day"": ""Day -9"", ""day_num"": -9, ""risk"": 17.3}, {""day"": ""Day -8"", ""day_num"": -8, ""risk"": 21.7}, {""day"": ""Day -7"", ""day_num"": -7, ""risk"": 23.8}, {""day"": ""Day -6"", ""day_num"": -6, ""risk"": 23.2}, {""day"": ""Day -5"", ""day_num"": -5, ""risk"": 24.5}, {""day"": ""Day -4"", ""day_num"": -4, ""risk"": 27.7}, {""day"": ""Day -3"", ""day_num"": -3, ""risk"": 28.5}, {""day"": ""Day -2"", ""day_num"": -2, ""risk"": 28.7}, {""day"": ""Day -1"", ""day_num"": -1, ""risk"": 30.9}, {""day"": ""Day 0"", ""day_num"": 0, ""risk"": 34.9}]"
COW_048,Gir / Sahiwal / HF Cross,32.6,Low Risk,5.16,416,22.6,38.5,32.0,69.5,32.1,33.8,34.1,36.7,36.7,"[{""day"": ""Day -14"", ""day_num"": -14, ""risk"": 3.8}, {""day"": ""Day -13"", ""day_num"": -13, ""risk"": 5.0}, {""day"": ""Day -12"", ""day_num"": -12, ""risk"": 6.4}, {""day"": ""Day -11"", ""day_num"": -11, ""risk"": 8.8}, {""day"": ""Day -10"", ""day_num"": -10, ""risk"": 12.3}, {""day"": ""Day -9"", ""day_num"": -9, ""risk"": 13.6}, {""day"": ""Day -8"", ""day_num"": -8, ""risk"": 17.6}, {""day"": ""Day -7"", ""day_num"": -7, ""risk"": 18.0}, {""day"": ""Day -6"", ""day_num"": -6, ""risk"": 19.3}, {""day"": ""Day -5"", ""day_num"": -5, ""risk"": 22.9}, {""day"": ""Day -4"", ""day_num"": -4, ""risk"": 25.3}, {""day"": ""Day -3"", ""day_num"": -3, ""risk"": 25.1}, {""day"": ""Day -2"", ""day_num"": -2, ""risk"": 27.2}, {""day"": ""Day -1"", ""day_num"": -1, ""risk"": 28.7}, {""day"": ""Day 0"", ""day_num"": 0, ""risk"": 33.5}]"
COW_010,Gir / Sahiwal / HF Cross,32.2,Low Risk,5.41,463,23.2,38.4,31.8,70.1,32.4,32.4,32.8,35.3,34.9,"[{""day"": ""Day -14"", ""day_num"": -14, ""risk"": 13.1}, {""day"": ""Day -13"", ""day_num"": -13, ""risk"": 14.3}, {""day"": ""Day -12"", ""day_num"": -12, ""risk"": 18.8}, {""day"": ""Day -11"", ""day_num"": -11, ""risk"": 19.4}, {""day"": ""Day -10"", ""day_num"": -10, ""risk"": 19.7}, {""day"": ""Day -9"", ""day_num"": -9, ""risk"": 19.5}, {""day"": ""Day -8"", ""day_num"": -8, ""risk"": 22.3}, {""day"": ""Day -7"", ""day_num"": -7, ""risk"": 23.4}, {""day"": ""Day -6"", ""day_num"": -6, ""risk"": 23.5}, {""day"": ""Day -5"", ""day_num"": -5, ""risk"": 25.8}, {""day"": ""Day -4"", ""day_num"": -4, ""risk"": 26.9}, {""day"": ""Day -3"", ""day_num"": -3, ""risk"": 29.0}, {""day"": ""Day -2"", ""day_num"": -2, ""risk"": 30.3}, {""day"": ""Day -1"", ""day_num"": -1, ""risk"": 29.2}, {""day"": ""Day 0"", ""day_num"": 0, ""risk"": 31.7}]"
COW_073,Gir / Sahiwal / HF Cross,30.3,Low Risk,5.22,478,24.5,38.5,31.8,76.0,29.8,30.6,33.5,36.1,35.7,"[{""day"": ""Day -14"", ""day_num"": -14, ""risk"": 13.9}, {""day"": ""Day -13"", ""day_num"": -13, ""risk"": 16.8}, {""day"": ""Day -12"", ""day_num"": -12, ""risk"": 16.5}, {""day"": ""Day -11"", ""day_num"": -11, ""risk"": 17.5}, {""day"": ""Day -10"", ""day_num"": -10, ""risk"": 17.1}, {""day"": ""Day -9"", ""day_num"": -9, ""risk"": 20.5}, {""day"": ""Day -8"", ""day_num"": -8, ""risk"": 22.3}, {""day"": ""Day -7"", ""day_num"": -7, ""risk"": 21.7}, {""day"": ""Day -6"", ""day_num"": -6, ""risk"": 24.4}, {""day"": ""Day -5"", ""day_num"": -5, ""risk"": 26.3}, {""day"": ""Day -4"", ""day_num"": -4, ""risk"": 24.5}, {""day"": ""Day -3"", ""day_num"": -3, ""risk"": 26.9}, {""day"": ""Day -2"", ""day_num"": -2, ""risk"": 27.1}, {""day"": ""Day -1"", ""day_num"": -1, ""risk"": 30.3}, {""day"": ""Day 0"", ""day_num"": 0, ""risk"": 30.6}]"
COW_012,Gir / Sahiwal / HF Cross,26.2,Low Risk,5.4,457,23.8,38.4,29.9,77.9,28.2,30.1,32.3,33.0,33.2,"[{""day"": ""Day -14"", ""day_num"": -14, ""risk"": 5.2}, {""day"": ""Day -13"", ""day_num"": -13, ""risk"": 7.5}, {""day"": ""Day -12"", ""day_num"": -12, ""risk"": 6.8}, {""day"": ""Day -11"", ""day_num"": -11, ""risk"": 8.2}, {""day"": ""Day -10"", ""day_num"": -10, ""risk"": 11.4}, {""day"": ""Day -9"", ""day_num"": -9, ""risk"": 11.3}, {""day"": ""Day -8"", ""day_num"": -8, ""risk"": 15.2}, {""day"": ""Day -7"", ""day_num"": -7, ""risk"": 16.5}, {""day"": ""Day -6"", ""day_num"": -6, ""risk"": 16.4}, {""day"": ""Day -5"", ""day_num"": -5, ""risk"": 19.3}, {""day"": ""Day -4"", ""day_num"": -4, ""risk"": 20.9}, {""day"": ""Day -3"", ""day_num"": -3, ""risk"": 19.8}, {""day"": ""Day -2"", ""day_num"": -2, ""risk"": 24.6}, {""day"": ""Day -1"", ""day_num"": -1, ""risk"": 24.6}, {""day"": ""Day 0"", ""day_num"": 0, ""risk"": 27.5}]"
COW_086,Gir / Sahiwal / HF Cross,23.4,Low Risk,5.46,416,22.5,38.3,30.4,79.9,24.1,23.7,24.9,26.6,29.1,"[{""day"": ""Day -14"", ""day_num"": -14, ""risk"": 3.8}, {""day"": ""Day -13"", ""day_num"": -13, ""risk"": 4.6}, {""day"": ""Day -12"", ""day_num"": -12, ""risk"": 5.8}, {""day"": ""Day -11"", ""day_num"": -11, ""risk"": 6.9}, {""day"": ""Day -10"", ""day_num"": -10, ""risk"": 7.8}, {""day"": ""Day -9"", ""day_num"": -9, ""risk"": 10.3}, {""day"": ""Day -8"", ""day_num"": -8, ""risk"": 11.4}, {""day"": ""Day -7"", ""day_num"": -7, ""risk"": 15.6}, {""day"": ""Day -6"", ""day_num"": -6, ""risk"": 15.3}, {""day"": ""Day -5"", ""day_num"": -5, ""risk"": 15.9}, {""day"": ""Day -4"", ""day_num"": -4, ""risk"": 18.2}, {""day"": ""Day -3"", ""day_num"": -3, ""risk"": 17.8}, {""day"": ""Day -2"", ""day_num"": -2, ""risk"": 20.4}, {""day"": ""Day -1"", ""day_num"": -1, ""risk"": 22.5}, {""day"": ""Day 0"", ""day_num"": 0, ""risk"": 23.4}]"
COW_037,Gir / Sahiwal / HF Cross,17.8,Healthy,4.54,538,27.1,37.9,32.8,72.6,19.2,20.2,20.0,20.7,23.2,"[{""day"": ""Day -14"", ""day_num"": -14, ""risk"": 4.4}, {""day"": ""Day -13"", ""day_num"": -13, ""risk"": 6.6}, {""day"": ""Day -12"", ""day_num"": -12, ""risk"": 7.9}, {""day"": ""Day -11"", ""day_num"": -11, ""risk"": 7.9}, {""day"": ""Day -10"", ""day_num"": -10, ""risk"": 6.2}, {""day"": ""Day -9"", ""day_num"": -9, ""risk"": 8.5}, {""day"": ""Day -8"", ""day_num"": -8, ""risk"": 11.3}, {""day"": ""Day -7"", ""day_num"": -7, ""risk"": 9.8}, {""day"": ""Day -6"", ""day_num"": -6, ""risk"": 13.2}, {""day"": ""Day -5"", ""day_num"": -5, ""risk"": 11.4}, {""day"": ""Day -4"", ""day_num"": -4, ""risk"": 12.1}, {""day"": ""Day -3"", ""day_num"": -3, ""risk"": 14.4}, {""day"": ""Day -2"", ""day_num"": -2, ""risk"": 14.0}, {""day"": ""Day -1"", ""day_num"": -1, ""risk"": 18.7}, {""day"": ""Day 0"", ""day_num"": 0, ""risk"": 19.1}]"
COW_007,Gir / Sahiwal / HF Cross,17.1,Healthy,4.96,606,31.1,38.2,33.1,62.7,18.5,18.3,19.0,19.7,22.1,"[{""day"": ""Day -14"", ""day_num"": -14, ""risk"": 3.2}, {""day"": ""Day -13"", ""day_num"": -13, ""risk"": 3.7}, {""day"": ""Day -12"", ""day_num"": -12, ""risk"": 4.9}, {""day"": ""Day -11"", ""day_num"": -11, ""risk"": 6.7}, {""day"": ""Day -10"", ""day_num"": -10, ""risk"": 7.2}, {""day"": ""Day -9"", ""day_num"": -9, ""risk"": 8.3}, {""day"": ""Day -8"", ""day_num"": -8, ""risk"": 11.0}, {""day"": ""Day -7"", ""day_num"": -7, ""risk"": 12.3}, {""day"": ""Day -6"", ""day_num"": -6, ""risk"": 9.8}, {""day"": ""Day -5"", ""day_num"": -5, ""risk"": 11.3}, {""day"": ""Day -4"", ""day_num"": -4, ""risk"": 14.0}, {""day"": ""Day -3"", ""day_num"": -3, ""risk"": 13.7}, {""day"": ""Day -2"", ""day_num"": -2, ""risk"": 14.3}, {""day"": ""Day -1"", ""day_num"": -1, ""risk"": 15.4}, {""day"": ""Day 0"", ""day_num"": 0, ""risk"": 16.4}]"
COW_053,Gir / Sahiwal / HF Cross,16.9,Healthy,4.25,510,27.8,37.9,30.5,61.7,16.3,16.9,17.4,18.4,20.7,"[{""day"": ""Day -14"", ""day_num"": -14, ""risk"": 4.3}, {""day"": ""Day -13"", ""day_num"": -13, ""risk"": 3.3}, {""day"": ""Day -12"", ""day_num"": -12, ""risk"": 6.7}, {""day"": ""Day -11"", ""day_num"": -11, ""risk"": 6.4}, {""day"": ""Day -10"", ""day_num"": -10, ""risk"": 9.6}, {""day"": ""Day -9"", ""day_num"": -9, ""risk"": 9.9}, {""day"": ""Day -8"", ""day_num"": -8, ""risk"": 9.6}, {""day"": ""Day -7"", ""day_num"": -7, ""risk"": 8.9}, {""day"": ""Day -6"", ""day_num"": -6, ""risk"": 12.8}, {""day"": ""Day -5"", ""day_num"": -5, ""risk"": 13.5}, {""day"": ""Day -4"", ""day_num"": -4, ""risk"": 12.0}, {""day"": ""Day -3"", ""day_num"": -3, ""risk"": 13.3}, {""day"": ""Day -2"", ""day_num"": -2, ""risk"": 16.2}, {""day"": ""Day -1"", ""day_num"": -1, ""risk"": 14.7}, {""day"": ""Day 0"", ""day_num"": 0, ""risk"": 18.6}]"
COW_087,Gir / Sahiwal / HF Cross,16.2,Healthy,4.7,641,29.0,37.9,33.2,71.8,16.2,15.3,15.7,16.3,16.1,"[{""day"": ""Day -14"", ""day_num"": -14, ""risk"": 5.6}, {""day"": ""Day -13"", ""day_num"": -13, ""risk"": 5.8}, {""day"": ""Day -12"", ""day_num"": -12, ""risk"": 5.9}, {""day"": ""Day -11"", ""day_num"": -11, ""risk"": 8.1}, {""day"": ""Day -10"", ""day_num"": -10, ""risk"": 6.0}, {""day"": ""Day -9"", ""day_num"": -9, ""risk"": 9.5}, {""day"": ""Day -8"", ""day_num"": -8, ""risk"": 7.7}, {""day"": ""Day -7"", ""day_num"": -7, ""risk"": 11.3}, {""day"": ""Day -6"", ""day_num"": -6, ""risk"": 10.1}, {""day"": ""Day -5"", ""day_num"": -5, ""risk"": 13.4}, {""day"": ""Day -4"", ""day_num"": -4, ""risk"": 14.5}, {""day"": ""Day -3"", ""day_num"": -3, ""risk"": 12.2}, {""day"": ""Day -2"", ""day_num"": -2, ""risk"": 14.3}, {""day"": ""Day -1"", ""day_num"": -1, ""risk"": 17.3}, {""day"": ""Day 0"", ""day_num"": 0, ""risk"": 16.1}]"
COW_049,Gir / Sahiwal / HF Cross,15.7,Healthy,4.84,645,30.9,38.1,31.1,66.9,16.0,15.1,17.1,16.4,16.2,"[{""day"": ""Day -14"", ""day_num"": -14, ""risk"": 4.6}, {""day"": ""Day -13"", ""day_num"": -13, ""risk"": 3.7}, {""day"": ""Day -12"", ""day_num"": -12, ""risk"": 4.4}, {""day"": ""Day -11"", ""day_num"": -11, ""risk"": 4.9}, {""day"": ""Day -10"", ""day_num"": -10, ""risk"": 5.7}, {""day"": ""Day -9"", ""day_num"": -9, ""risk"": 8.5}, {""day"": ""Day -8"", ""day_num"": -8, ""risk"": 9.8}, {""day"": ""Day -7"", ""day_num"": -7, ""risk"": 9.4}, {""day"": ""Day -6"", ""day_num"": -6, ""risk"": 10.6}, {""day"": ""Day -5"", ""day_num"": -5, ""risk"": 12.2}, {""day"": ""Day -4"", ""day_num"": -4, ""risk"": 10.4}, {""day"": ""Day -3"", ""day_num"": -3, ""risk"": 12.5}, {""day"": ""Day -2"", ""day_num"": -2, ""risk"": 15.9}, {""day"": ""Day -1"", ""day_num"": -1, ""risk"": 15.1}, {""day"": ""Day 0"", ""day_num"": 0, ""risk"": 14.7}]"
COW_033,Gir / Sahiwal / HF Cross,15.6,Healthy,4.55,602,29.8,38.1,28.5,60.0,16.9,16.9,18.8,18.2,18.9,"[{""day"": ""Day -14"", ""day_num"": -14, ""risk"": 4.2}, {""day"": ""Day -13"", ""day_num"": -13, ""risk"": 3.5}, {""day"": ""Day -12"", ""day_num"": -12, ""risk"": 7.0}, {""day"": ""Day -11"", ""day_num"": -11, ""risk"": 7.9}, {""day"": ""Day -10"", ""day_num"": -10, ""risk"": 9.1}, {""day"": ""Day -9"", ""day_num"": -9, ""risk"": 6.7}, {""day"": ""Day -8"", ""day_num"": -8, ""risk"": 9.4}, {""day"": ""Day -7"", ""day_num"": -7, ""risk"": 9.7}, {""day"": ""Day -6"", ""day_num"": -6, ""risk"": 10.0}, {""day"": ""Day -5"", ""day_num"": -5, ""risk"": 10.8}, {""day"": ""Day -4"", ""day_num"": -4, ""risk"": 11.9}, {""day"": ""Day -3"", ""day_num"": -3, ""risk"": 13.9}, {""day"": ""Day -2"", ""day_num"": -2, ""risk"": 14.3}, {""day"": ""Day -1"", ""day_num"": -1, ""risk"": 14.6}, {""day"": ""Day 0"", ""day_num"": 0, ""risk"": 13.9}]"
COW_057,Gir / Sahiwal / HF Cross,15.3,Healthy,4.2,633,29.3,38.2,33.6,71.1,16.6,16.2,16.4,15.9,18.4,"[{""day"": ""Day -14"", ""day_num"": -14, ""risk"": 4.2}, {""day"": ""Day -13"", ""day_num"": -13, ""risk"": 6.2}, {""day"": ""Day -12"", ""day_num"": -12, ""risk"": 5.7}, {""day"": ""Day -11"", ""day_num"": -11, ""risk"": 6.9}, {""day"": ""Day -10"", ""day_num"": -10, ""risk"": 5.6}, {""day"": ""Day -9"", ""day_num"": -9, ""risk"": 9.1}, {""day"": ""Day -8"", ""day_num"": -8, ""risk"": 7.4}, {""day"": ""Day -7"", ""day_num"": -7, ""risk"": 11.0}, {""day"": ""Day -6"", ""day_num"": -6, ""risk"": 11.6}, {""day"": ""Day -5"", ""day_num"": -5, ""risk"": 12.1}, {""day"": ""Day -4"", ""day_num"": -4, ""risk"": 10.2}, {""day"": ""Day -3"", ""day_num"": -3, ""risk"": 12.1}, {""day"": ""Day -2"", ""day_num"": -2, ""risk"": 12.8}, {""day"": ""Day -1"", ""day_num"": -1, ""risk"": 14.0}, {""day"": ""Day 0"", ""day_num"": 0, ""risk"": 13.7}]"
COW_062,Gir / Sahiwal / HF Cross,15.2,Healthy,4.69,646,27.7,38.2,32.1,60.8,16.4,17.8,19.1,19.1,20.5,"[{""day"": ""Day -14"", ""day_num"": -14, ""risk"": 3.0}, {""day"": ""Day -13"", ""day_num"": -13, ""risk"": 6.2}, {""day"": ""Day -12"", ""day_num"": -12, ""risk"": 3.7}, {""day"": ""Day -11"", ""day_num"": -11, ""risk"": 8.0}, {""day"": ""Day -10"", ""day_num"": -10, ""risk"": 7.0}, {""day"": ""Day -9"", ""day_num"": -9, ""risk"": 8.5}, {""day"": ""Day -8"", ""day_num"": -8, ""risk"": 9.4}, {""day"": ""Day -7"", ""day_num"": -7, ""risk"": 11.2}, {""day"": ""Day -6"", ""day_num"": -6, ""risk"": 10.9}, {""day"": ""Day -5"", ""day_num"": -5, ""risk"": 11.6}, {""day"": ""Day -4"", ""day_num"": -4, ""risk"": 10.2}, {""day"": ""Day -3"", ""day_num"": -3, ""risk"": 12.8}, {""day"": ""Day -2"", ""day_num"": -2, ""risk"": 12.2}, {""day"": ""Day -1"", ""day_num"": -1, ""risk"": 15.3}, {""day"": ""Day 0"", ""day_num"": 0, ""risk"": 15.2}]"
COW_100,Gir / Sahiwal / HF Cross,15.1,Healthy,4.24,593,30.8,38.2,31.4,67.2,14.3,14.4,13.5,13.9,15.2,"[{""day"": ""Day -14"", ""day_num"": -14, ""risk"": 3.2}, {""day"": ""Day -13"", ""day_num"": -13, ""risk"": 4.4}, {""day"": ""Day -12"", ""day_num"": -12, ""risk"": 7.3}, {""day"": ""Day -11"", ""day_num"": -11, ""risk"": 8.3}, {""day"": ""Day -10"", ""day_num"": -10, ""risk"": 5.3}, {""day"": ""Day -9"", ""day_num"": -9, ""risk"": 9.0}, {""day"": ""Day -8"", ""day_num"": -8, ""risk"": 8.2}, {""day"": ""Day -7"", ""day_num"": -7, ""risk"": 9.1}, {""day"": ""Day -6"", ""day_num"": -6, ""risk"": 11.3}, {""day"": ""Day -5"", ""day_num"": -5, ""risk"": 12.8}, {""day"": ""Day -4"", ""day_num"": -4, ""risk"": 13.7}, {""day"": ""Day -3"", ""day_num"": -3, ""risk"": 13.0}, {""day"": ""Day -2"", ""day_num"": -2, ""risk"": 12.9}, {""day"": ""Day -1"", ""day_num"": -1, ""risk"": 15.4}, {""day"": ""Day 0"", ""day_num"": 0, ""risk"": 14.1}]"
COW_024,Gir / Sahiwal / HF Cross,14.9,Healthy,4.29,558,30.6,38.3,30.3,69.3,14.2,15.1,16.9,16.4,15.6,"[{""day"": ""Day -14"", ""day_num"": -14, ""risk"": 4.3}, {""day"": ""Day -13"", ""day_num"": -13, ""risk"": 6.1}, {""day"": ""Day -12"", ""day_num"": -12, ""risk"": 4.1}, {""day"": ""Day -11"", ""day_num"": -11, ""risk"": 7.5}, {""day"": ""Day -10"", ""day_num"": -10, ""risk"": 5.9}, {""day"": ""Day -9"", ""day_num"": -9, ""risk"": 6.6}, {""day"": ""Day -8"", ""day_num"": -8, ""risk"": 7.3}, {""day"": ""Day -7"", ""day_num"": -7, ""risk"": 10.7}, {""day"": ""Day -6"", ""day_num"": -6, ""risk"": 10.9}, {""day"": ""Day -5"", ""day_num"": -5, ""risk"": 11.1}, {""day"": ""Day -4"", ""day_num"": -4, ""risk"": 11.2}, {""day"": ""Day -3"", ""day_num"": -3, ""risk"": 14.1}, {""day"": ""Day -2"", ""day_num"": -2, ""risk"": 12.9}, {""day"": ""Day -1"", ""day_num"": -1, ""risk"": 15.4}, {""day"": ""Day 0"", ""day_num"": 0, ""risk"": 14.7}]"
COW_042,Gir / Sahiwal / HF Cross,14.9,Healthy,4.75,605,30.7,38.2,29.0,64.1,14.5,13.8,15.4,17.3,16.4,"[{""day"": ""Day -14"", ""day_num"": -14, ""risk"": 5.6}, {""day"": ""Day -13"", ""day_num"": -13, ""risk"": 6.2}, {""day"": ""Day -12"", ""day_num"": -12, ""risk"": 7.4}, {""day"": ""Day -11"", ""day_num"": -11, ""risk"": 7.4}, {""day"": ""Day -10"", ""day_num"": -10, ""risk"": 6.9}, {""day"": ""Day -9"", ""day_num"": -9, ""risk"": 7.1}, {""day"": ""Day -8"", ""day_num"": -8, ""risk"": 8.0}, {""day"": ""Day -7"", ""day_num"": -7, ""risk"": 10.4}, {""day"": ""Day -6"", ""day_num"": -6, ""risk"": 11.2}, {""day"": ""Day -5"", ""day_num"": -5, ""risk"": 9.8}, {""day"": ""Day -4"", ""day_num"": -4, ""risk"": 13.3}, {""day"": ""Day -3"", ""day_num"": -3, ""risk"": 13.4}, {""day"": ""Day -2"", ""day_num"": -2, ""risk"": 13.6}, {""day"": ""Day -1"", ""day_num"": -1, ""risk"": 14.0}, {""day"": ""Day 0"", ""day_num"": 0, ""risk"": 15.1}]"
COW_060,Gir / Sahiwal / HF Cross,14.7,Healthy,4.57,619,27.9,38.2,30.1,70.5,15.3,15.0,15.3,14.8,14.1,"[{""day"": ""Day -14"", ""day_num"": -14, ""risk"": 3.1}, {""day"": ""Day -13"", ""day_num"": -13, ""risk"": 3.5}, {""day"": ""Day -12"", ""day_num"": -12, ""risk"": 6.3}, {""day"": ""Day -11"", ""day_num"": -11, ""risk"": 6.8}, {""day"": ""Day -10"", ""day_num"": -10, ""risk"": 7.6}, {""day"": ""Day -9"", ""day_num"": -9, ""risk"": 6.7}, {""day"": ""Day -8"", ""day_num"": -8, ""risk"": 7.5}, {""day"": ""Day -7"", ""day_num"": -7, ""risk"": 8.2}, {""day"": ""Day -6"", ""day_num"": -6, ""risk"": 8.8}, {""day"": ""Day -5"", ""day_num"": -5, ""risk"": 11.5}, {""day"": ""Day -4"", ""day_num"": -4, ""risk"": 13.0}, {""day"": ""Day -3"", ""day_num"": -3, ""risk"": 13.3}, {""day"": ""Day -2"", ""day_num"": -2, ""risk"": 14.3}, {""day"": ""Day -1"", ""day_num"": -1, ""risk"": 13.6}, {""day"": ""Day 0"", ""day_num"": 0, ""risk"": 15.3}]"
COW_009,Gir / Sahiwal / HF Cross,14.5,Healthy,4.37,494,27.7,38.2,29.1,78.7,14.0,14.1,15.2,14.6,14.0,"[{""day"": ""Day -14"", ""day_num"": -14, ""risk"": 4.9}, {""day"": ""Day -13"", ""day_num"": -13, ""risk"": 2.9}, {""day"": ""Day -12"", ""day_num"": -12, ""risk"": 5.1}, {""day"": ""Day -11"", ""day_num"": -11, ""risk"": 6.0}, {""day"": ""Day -10"", ""day_num"": -10, ""risk"": 8.0}, {""day"": ""Day -9"", ""day_num"": -9, ""risk"": 6.8}, {""day"": ""Day -8"", ""day_num"": -8, ""risk"": 7.3}, {""day"": ""Day -7"", ""day_num"": -7, ""risk"": 7.6}, {""day"": ""Day -6"", ""day_num"": -6, ""risk"": 9.7}, {""day"": ""Day -5"", ""day_num"": -5, ""risk"": 11.5}, {""day"": ""Day -4"", ""day_num"": -4, ""risk"": 9.8}, {""day"": ""Day -3"", ""day_num"": -3, ""risk"": 14.0}, {""day"": ""Day -2"", ""day_num"": -2, ""risk"": 12.8}, {""day"": ""Day -1"", ""day_num"": -1, ""risk"": 12.8}, {""day"": ""Day 0"", ""day_num"": 0, ""risk"": 12.9}]"
COW_098,Gir / Sahiwal / HF Cross,14.4,Healthy,4.48,611,29.4,37.8,31.4,65.2,14.1,15.1,15.5,16.1,16.7,"[{""day"": ""Day -14"", ""day_num"": -14, ""risk"": 2.7}, {""day"": ""Day -13"", ""day_num"": -13, ""risk"": 4.5}, {""day"": ""Day -12"", ""day_num"": -12, ""risk"": 4.3}, {""day"": ""Day -11"", ""day_num"": -11, ""risk"": 4.4}, {""day"": ""Day -10"", ""day_num"": -10, ""risk"": 8.4}, {""day"": ""Day -9"", ""day_num"": -9, ""risk"": 9.6}, {""day"": ""Day -8"", ""day_num"": -8, ""risk"": 9.6}, {""day"": ""Day -7"", ""day_num"": -7, ""risk"": 10.6}, {""day"": ""Day -6"", ""day_num"": -6, ""risk"": 8.9}, {""day"": ""Day -5"", ""day_num"": -5, ""risk"": 12.5}, {""day"": ""Day -4"", ""day_num"": -4, ""risk"": 10.2}, {""day"": ""Day -3"", ""day_num"": -3, ""risk"": 14.0}, {""day"": ""Day -2"", ""day_num"": -2, ""risk"": 14.9}, {""day"": ""Day -1"", ""day_num"": -1, ""risk"": 14.5}, {""day"": ""Day 0"", ""day_num"": 0, ""risk"": 16.3}]"
COW_067,Gir / Sahiwal / HF Cross,14.2,Healthy,4.81,509,26.6,37.9,31.4,71.2,14.0,15.2,17.2,17.3,17.9,"[{""day"": ""Day -14"", ""day_num"": -14, ""risk"": 5.5}, {""day"": ""Day -13"", ""day_num"": -13, ""risk"": 5.1}, {""day"": ""Day -12"", ""day_num"": -12, ""risk"": 5.0}, {""day"": ""Day -11"", ""day_num"": -11, ""risk"": 5.8}, {""day"": ""Day -10"", ""day_num"": -10, ""risk"": 7.7}, {""day"": ""Day -9"", ""day_num"": -9, ""risk"": 5.7}, {""day"": ""Day -8"", ""day_num"": -8, ""risk"": 8.9}, {""day"": ""Day -7"", ""day_num"": -7, ""risk"": 8.5}, {""day"": ""Day -6"", ""day_num"": -6, ""risk"": 11.0}, {""day"": ""Day -5"", ""day_num"": -5, ""risk"": 9.0}, {""day"": ""Day -4"", ""day_num"": -4, ""risk"": 11.7}, {""day"": ""Day -3"", ""day_num"": -3, ""risk"": 12.0}, {""day"": ""Day -2"", ""day_num"": -2, ""risk"": 13.3}, {""day"": ""Day -1"", ""day_num"": -1, ""risk"": 11.8}, {""day"": ""Day 0"", ""day_num"": 0, ""risk"": 14.6}]"
COW_015,Gir / Sahiwal / HF Cross,14.2,Healthy,4.67,602,24.7,38.1,30.4,62.1,14.3,15.3,17.2,17.9,18.0,"[{""day"": ""Day -14"", ""day_num"": -14, ""risk"": 5.7}, {""day"": ""Day -13"", ""day_num"": -13, ""risk"": 6.4}, {""day"": ""Day -12"", ""day_num"": -12, ""risk"": 4.5}, {""day"": ""Day -11"", ""day_num"": -11, ""risk"": 7.0}, {""day"": ""Day -10"", ""day_num"": -10, ""risk"": 5.2}, {""day"": ""Day -9"", ""day_num"": -9, ""risk"": 6.3}, {""day"": ""Day -8"", ""day_num"": -8, ""risk"": 7.2}, {""day"": ""Day -7"", ""day_num"": -7, ""risk"": 8.3}, {""day"": ""Day -6"", ""day_num"": -6, ""risk"": 11.8}, {""day"": ""Day -5"", ""day_num"": -5, ""risk"": 11.3}, {""day"": ""Day -4"", ""day_num"": -4, ""risk"": 10.8}, {""day"": ""Day -3"", ""day_num"": -3, ""risk"": 13.0}, {""day"": ""Day -2"", ""day_num"": -2, ""risk"": 14.4}, {""day"": ""Day -1"", ""day_num"": -1, ""risk"": 15.3}, {""day"": ""Day 0"", ""day_num"": 0, ""risk"": 12.4}]"
COW_092,Gir / Sahiwal / HF Cross,13.8,Healthy,4.42,538,26.5,37.8,28.5,73.7,14.1,13.2,13.0,14.2,13.4,"[{""day"": ""Day -14"", ""day_num"": -14, ""risk"": 2.0}, {""day"": ""Day -13"", ""day_num"": -13, ""risk"": 3.7}, {""day"": ""Day -12"", ""day_num"": -12, ""risk"": 6.4}, {""day"": ""Day -11"", ""day_num"": -11, ""risk"": 5.4}, {""day"": ""Day -10"", ""day_num"": -10, ""risk"": 5.2}, {""day"": ""Day -9"", ""day_num"": -9, ""risk"": 7.0}, {""day"": ""Day -8"", ""day_num"": -8, ""risk"": 7.3}, {""day"": ""Day -7"", ""day_num"": -7, ""risk"": 10.3}, {""day"": ""Day -6"", ""day_num"": -6, ""risk"": 8.9}, {""day"": ""Day -5"", ""day_num"": -5, ""risk"": 11.5}, {""day"": ""Day -4"", ""day_num"": -4, ""risk"": 12.6}, {""day"": ""Day -3"", ""day_num"": -3, ""risk"": 11.5}, {""day"": ""Day -2"", ""day_num"": -2, ""risk"": 14.1}, {""day"": ""Day -1"", ""day_num"": -1, ""risk"": 12.6}, {""day"": ""Day 0"", ""day_num"": 0, ""risk"": 15.7}]"
COW_090,Gir / Sahiwal / HF Cross,13.8,Healthy,4.42,493,27.3,37.8,33.4,66.4,13.7,13.0,14.4,16.3,15.5,"[{""day"": ""Day -14"", ""day_num"": -14, ""risk"": 4.1}, {""day"": ""Day -13"", ""day_num"": -13, ""risk"": 3.9}, {""day"": ""Day -12"", ""day_num"": -12, ""risk"": 3.7}, {""day"": ""Day -11"", ""day_num"": -11, ""risk"": 6.1}, {""day"": ""Day -10"", ""day_num"": -10, ""risk"": 8.0}, {""day"": ""Day -9"", ""day_num"": -9, ""risk"": 8.3}, {""day"": ""Day -8"", ""day_num"": -8, ""risk"": 6.4}, {""day"": ""Day -7"", ""day_num"": -7, ""risk"": 7.2}, {""day"": ""Day -6"", ""day_num"": -6, ""risk"": 9.2}, {""day"": ""Day -5"", ""day_num"": -5, ""risk"": 9.5}, {""day"": ""Day -4"", ""day_num"": -4, ""risk"": 10.0}, {""day"": ""Day -3"", ""day_num"": -3, ""risk"": 10.9}, {""day"": ""Day -2"", ""day_num"": -2, ""risk"": 13.7}, {""day"": ""Day -1"", ""day_num"": -1, ""risk"": 14.9}, {""day"": ""Day 0"", ""day_num"": 0, ""risk"": 13.5}]"
COW_008,Gir / Sahiwal / HF Cross,13.6,Healthy,4.64,515,30.5,38.2,28.8,70.4,14.9,15.2,15.7,17.1,18.4,"[{""day"": ""Day -14"", ""day_num"": -14, ""risk"": 5.2}, {""day"": ""Day -13"", ""day_num"": -13, ""risk"": 6.2}, {""day"": ""Day -12"", ""day_num"": -12, ""risk"": 4.7}, {""day"": ""Day -11"", ""day_num"": -11, ""risk"": 5.6}, {""day"": ""Day -10"", ""day_num"": -10, ""risk"": 5.1}, {""day"": ""Day -9"", ""day_num"": -9, ""risk"": 7.8}, {""day"": ""Day -8"", ""day_num"": -8, ""risk"": 6.3}, {""day"": ""Day -7"", ""day_num"": -7, ""risk"": 8.7}, {""day"": ""Day -6"", ""day_num"": -6, ""risk"": 9.7}, {""day"": ""Day -5"", ""day_num"": -5, ""risk"": 9.3}, {""day"": ""Day -4"", ""day_num"": -4, ""risk"": 11.2}, {""day"": ""Day -3"", ""day_num"": -3, ""risk"": 9.7}, {""day"": ""Day -2"", ""day_num"": -2, ""risk"": 10.4}, {""day"": ""Day -1"", ""day_num"": -1, ""risk"": 14.2}, {""day"": ""Day 0"", ""day_num"": 0, ""risk"": 13.1}]"
COW_006,Gir / Sahiwal / HF Cross,13.4,Healthy,4.72,557,25.9,38.0,31.9,63.5,14.2,14.9,16.4,17.4,18.4,"[{""day"": ""Day -14"", ""day_num"": -14, ""risk"": 3.5}, {""day"": ""Day -13"", ""day_num"": -13, ""risk"": 3.7}, {""day"": ""Day -12"", ""day_num"": -12, ""risk"": 4.3}, {""day"": ""Day -11"", ""day_num"": -11, ""risk"": 7.9}, {""day"": ""Day -10"", ""day_num"": -10, ""risk"": 6.3}, {""day"": ""Day -9"", ""day_num"": -9, ""risk"": 8.9}, {""day"": ""Day -8"", ""day_num"": -8, ""risk"": 8.5}, {""day"": ""Day -7"", ""day_num"": -7, ""risk"": 9.9}, {""day"": ""Day -6"", ""day_num"": -6, ""risk"": 9.4}, {""day"": ""Day -5"", ""day_num"": -5, ""risk"": 10.3}, {""day"": ""Day -4"", ""day_num"": -4, ""risk"": 10.7}, {""day"": ""Day -3"", ""day_num"": -3, ""risk"": 10.1}, {""day"": ""Day -2"", ""day_num"": -2, ""risk"": 12.9}, {""day"": ""Day -1"", ""day_num"": -1, ""risk"": 11.8}, {""day"": ""Day 0"", ""day_num"": 0, ""risk"": 11.5}]"
COW_069,Gir / Sahiwal / HF Cross,13.3,Healthy,4.99,613,27.1,38.1,32.4,69.9,13.8,13.2,13.3,13.3,12.4,"[{""day"": ""Day -14"", ""day_num"": -14, ""risk"": 5.3}, {""day"": ""Day -13"", ""day_num"": -13, ""risk"": 3.8}, {""day"": ""Day -12"", ""day_num"": -12, ""risk"": 5.4}, {""day"": ""Day -11"", ""day_num"": -11, ""risk"": 5.2}, {""day"": ""Day -10"", ""day_num"": -10, ""risk"": 8.4}, {""day"": ""Day -9"", ""day_num"": -9, ""risk"": 6.4}, {""day"": ""Day -8"", ""day_num"": -8, ""risk"": 7.7}, {""day"": ""Day -7"", ""day_num"": -7, ""risk"": 10.1}, {""day"": ""Day -6"", ""day_num"": -6, ""risk"": 10.7}, {""day"": ""Day -5"", ""day_num"": -5, ""risk"": 8.7}, {""day"": ""Day -4"", ""day_num"": -4, ""risk"": 11.8}, {""day"": ""Day -3"", ""day_num"": -3, ""risk"": 11.1}, {""day"": ""Day -2"", ""day_num"": -2, ""risk"": 11.9}, {""day"": ""Day -1"", ""day_num"": -1, ""risk"": 11.2}, {""day"": ""Day 0"", ""day_num"": 0, ""risk"": 11.6}]"
COW_065,Gir / Sahiwal / HF Cross,13.1,Healthy,4.45,528,30.8,38.3,31.5,70.2,12.7,13.6,14.0,15.5,17.0,"[{""day"": ""Day -14"", ""day_num"": -14, ""risk"": 4.6}, {""day"": ""Day -13"", ""day_num"": -13, ""risk"": 3.4}, {""day"": ""Day -12"", ""day_num"": -12, ""risk"": 5.5}, {""day"": ""Day -11"", ""day_num"": -11, ""risk"": 7.9}, {""day"": ""Day -10"", ""day_num"": -10, ""risk"": 8.3}, {""day"": ""Day -9"", ""day_num"": -9, ""risk"": 5.4}, {""day"": ""Day -8"", ""day_num"": -8, ""risk"": 6.5}, {""day"": ""Day -7"", ""day_num"": -7, ""risk"": 7.1}, {""day"": ""Day -6"", ""day_num"": -6, ""risk"": 10.1}, {""day"": ""Day -5"", ""day_num"": -5, ""risk"": 11.1}, {""day"": ""Day -4"", ""day_num"": -4, ""risk"": 9.3}, {""day"": ""Day -3"", ""day_num"": -3, ""risk"": 11.2}, {""day"": ""Day -2"", ""day_num"": -2, ""risk"": 13.1}, {""day"": ""Day -1"", ""day_num"": -1, ""risk"": 13.4}, {""day"": ""Day 0"", ""day_num"": 0, ""risk"": 13.2}]"
COW_004,Gir / Sahiwal / HF Cross,13.1,Healthy,4.81,612,25.9,38.2,29.3,70.8,13.3,14.7,14.9,16.4,18.2,"[{""day"": ""Day -14"", ""day_num"": -14, ""risk"": 4.0}, {""day"": ""Day -13"", ""day_num"": -13, ""risk"": 5.4}, {""day"": ""Day -12"", ""day_num"": -12, ""risk"": 6.7}, {""day"": ""Day -11"", ""day_num"": -11, ""risk"": 5.2}, {""day"": ""Day -10"", ""day_num"": -10, ""risk"": 5.5}, {""day"": ""Day -9"", ""day_num"": -9, ""risk"": 8.1}, {""day"": ""Day -8"", ""day_num"": -8, ""risk"": 9.1}, {""day"": ""Day -7"", ""day_num"": -7, ""risk"": 7.9}, {""day"": ""Day -6"", ""day_num"": -6, ""risk"": 7.6}, {""day"": ""Day -5"", ""day_num"": -5, ""risk"": 11.6}, {""day"": ""Day -4"", ""day_num"": -4, ""risk"": 10.1}, {""day"": ""Day -3"", ""day_num"": -3, ""risk"": 11.2}, {""day"": ""Day -2"", ""day_num"": -2, ""risk"": 13.1}, {""day"": ""Day -1"", ""day_num"": -1, ""risk"": 13.1}, {""day"": ""Day 0"", ""day_num"": 0, ""risk"": 14.0}]"
COW_051,Gir / Sahiwal / HF Cross,12.8,Healthy,4.29,552,31.8,38.0,30.7,64.8,13.9,14.9,15.6,16.8,18.9,"[{""day"": ""Day -14"", ""day_num"": -14, ""risk"": 3.3}, {""day"": ""Day -13"", ""day_num"": -13, ""risk"": 5.3}, {""day"": ""Day -12"", ""day_num"": -12, ""risk"": 6.5}, {""day"": ""Day -11"", ""day_num"": -11, ""risk"": 6.9}, {""day"": ""Day -10"", ""day_num"": -10, ""risk"": 7.7}, {""day"": ""Day -9"", ""day_num"": -9, ""risk"": 6.9}, {""day"": ""Day -8"", ""day_num"": -8, ""risk"": 9.0}, {""day"": ""Day -7"", ""day_num"": -7, ""risk"": 6.9}, {""day"": ""Day -6"", ""day_num"": -6, ""risk"": 9.2}, {""day"": ""Day -5"", ""day_num"": -5, ""risk"": 7.7}, {""day"": ""Day -4"", ""day_num"": -4, ""risk"": 9.6}, {""day"": ""Day -3"", ""day_num"": -3, ""risk"": 10.4}, {""day"": ""Day -2"", ""day_num"": -2, ""risk"": 11.1}, {""day"": ""Day -1"", ""day_num"": -1, ""risk"": 12.9}, {""day"": ""Day 0"", ""day_num"": 0, ""risk"": 12.3}]"
COW_002,Gir / Sahiwal / HF Cross,12.5,Healthy,4.45,585,29.6,37.9,30.1,66.1,13.1,13.4,13.0,14.8,15.9,"[{""day"": ""Day -14"", ""day_num"": -14, ""risk"": 5.5}, {""day"": ""Day -13"", ""day_num"": -13, ""risk"": 5.1}, {""day"": ""Day -12"", ""day_num"": -12, ""risk"": 4.4}, {""day"": ""Day -11"", ""day_num"": -11, ""risk"": 4.3}, {""day"": ""Day -10"", ""day_num"": -10, ""risk"": 6.3}, {""day"": ""Day -9"", ""day_num"": -9, ""risk"": 5.9}, {""day"": ""Day -8"", ""day_num"": -8, ""risk"": 7.3}, {""day"": ""Day -7"", ""day_num"": -7, ""risk"": 9.8}, {""day"": ""Day -6"", ""day_num"": -6, ""risk"": 8.2}, {""day"": ""Day -5"", ""day_num"": -5, ""risk"": 8.0}, {""day"": ""Day -4"", ""day_num"": -4, ""risk"": 9.5}, {""day"": ""Day -3"", ""day_num"": -3, ""risk"": 12.3}, {""day"": ""Day -2"", ""day_num"": -2, ""risk"": 10.4}, {""day"": ""Day -1"", ""day_num"": -1, ""risk"": 12.5}, {""day"": ""Day 0"", ""day_num"": 0, ""risk"": 10.5}]"
COW_085,Gir / Sahiwal / HF Cross,12.1,Healthy,4.49,605,28.6,38.1,34.0,70.9,11.3,10.8,12.7,12.4,14.8,"[{""day"": ""Day -14"", ""day_num"": -14, ""risk"": 2.5}, {""day"": ""Day -13"", ""day_num"": -13, ""risk"": 3.0}, {""day"": ""Day -12"", ""day_num"": -12, ""risk"": 4.0}, {""day"": ""Day -11"", ""day_num"": -11, ""risk"": 7.4}, {""day"": ""Day -10"", ""day_num"": -10, ""risk"": 6.0}, {""day"": ""Day -9"", ""day_num"": -9, ""risk"": 6.5}, {""day"": ""Day -8"", ""day_num"": -8, ""risk"": 6.7}, {""day"": ""Day -7"", ""day_num"": -7, ""risk"": 6.6}, {""day"": ""Day -6"", ""day_num"": -6, ""risk"": 8.6}, {""day"": ""Day -5"", ""day_num"": -5, ""risk"": 7.7}, {""day"": ""Day -4"", ""day_num"": -4, ""risk"": 11.1}, {""day"": ""Day -3"", ""day_num"": -3, ""risk"": 9.8}, {""day"": ""Day -2"", ""day_num"": -2, ""risk"": 10.4}, {""day"": ""Day -1"", ""day_num"": -1, ""risk"": 11.4}, {""day"": ""Day 0"", ""day_num"": 0, ""risk"": 11.9}]"
COW_068,Gir / Sahiwal / HF Cross,12.1,Healthy,4.74,571,28.8,37.8,31.0,63.6,11.9,12.4,11.9,13.0,14.6,"[{""day"": ""Day -14"", ""day_num"": -14, ""risk"": 2.8}, {""day"": ""Day -13"", ""day_num"": -13, ""risk"": 5.9}, {""day"": ""Day -12"", ""day_num"": -12, ""risk"": 5.2}, {""day"": ""Day -11"", ""day_num"": -11, ""risk"": 5.2}, {""day"": ""Day -10"", ""day_num"": -10, ""risk"": 4.8}, {""day"": ""Day -9"", ""day_num"": -9, ""risk"": 7.8}, {""day"": ""Day -8"", ""day_num"": -8, ""risk"": 6.4}, {""day"": ""Day -7"", ""day_num"": -7, ""risk"": 7.5}, {""day"": ""Day -6"", ""day_num"": -6, ""risk"": 6.9}, {""day"": ""Day -5"", ""day_num"": -5, ""risk"": 10.4}, {""day"": ""Day -4"", ""day_num"": -4, ""risk"": 10.8}, {""day"": ""Day -3"", ""day_num"": -3, ""risk"": 11.3}, {""day"": ""Day -2"", ""day_num"": -2, ""risk"": 10.1}, {""day"": ""Day -1"", ""day_num"": -1, ""risk"": 10.2}, {""day"": ""Day 0"", ""day_num"": 0, ""risk"": 12.6}]"
COW_044,Gir / Sahiwal / HF Cross,12.0,Healthy,4.43,534,30.1,38.3,32.2,76.4,13.3,14.1,15.3,14.8,14.1,"[{""day"": ""Day -14"", ""day_num"": -14, ""risk"": 2.1}, {""day"": ""Day -13"", ""day_num"": -13, ""risk"": 4.5}, {""day"": ""Day -12"", ""day_num"": -12, ""risk"": 4.0}, {""day"": ""Day -11"", ""day_num"": -11, ""risk"": 5.1}, {""day"": ""Day -10"", ""day_num"": -10, ""risk"": 7.4}, {""day"": ""Day -9"", ""day_num"": -9, ""risk"": 8.6}, {""day"": ""Day -8"", ""day_num"": -8, ""risk"": 5.7}, {""day"": ""Day -7"", ""day_num"": -7, ""risk"": 8.1}, {""day"": ""Day -6"", ""day_num"": -6, ""risk"": 10.1}, {""day"": ""Day -5"", ""day_num"": -5, ""risk"": 7.5}, {""day"": ""Day -4"", ""day_num"": -4, ""risk"": 11.0}, {""day"": ""Day -3"", ""day_num"": -3, ""risk"": 9.7}, {""day"": ""Day -2"", ""day_num"": -2, ""risk"": 10.1}, {""day"": ""Day -1"", ""day_num"": -1, ""risk"": 13.3}, {""day"": ""Day 0"", ""day_num"": 0, ""risk"": 10.8}]"
COW_050,Gir / Sahiwal / HF Cross,11.0,Healthy,4.3,615,26.5,38.2,32.0,67.9,10.5,11.2,13.1,12.4,13.7,"[{""day"": ""Day -14"", ""day_num"": -14, ""risk"": 5.5}, {""day"": ""Day -13"", ""day_num"": -13, ""risk"": 3.2}, {""day"": ""Day -12"", ""day_num"": -12, ""risk"": 5.8}, {""day"": ""Day -11"", ""day_num"": -11, ""risk"": 6.8}, {""day"": ""Day -10"", ""day_num"": -10, ""risk"": 7.8}, {""day"": ""Day -9"", ""day_num"": -9, ""risk"": 7.2}, {""day"": ""Day -8"", ""day_num"": -8, ""risk"": 7.0}, {""day"": ""Day -7"", ""day_num"": -7, ""risk"": 8.0}, {""day"": ""Day -6"", ""day_num"": -6, ""risk"": 9.5}, {""day"": ""Day -5"", ""day_num"": -5, ""risk"": 8.8}, {""day"": ""Day -4"", ""day_num"": -4, ""risk"": 7.1}, {""day"": ""Day -3"", ""day_num"": -3, ""risk"": 11.2}, {""day"": ""Day -2"", ""day_num"": -2, ""risk"": 10.7}, {""day"": ""Day -1"", ""day_num"": -1, ""risk"": 11.2}, {""day"": ""Day 0"", ""day_num"": 0, ""risk"": 9.8}]"
COW_047,Gir / Sahiwal / HF Cross,10.7,Healthy,4.67,606,27.2,38.1,31.6,71.6,11.2,12.2,13.2,15.1,15.1,"[{""day"": ""Day -14"", ""day_num"": -14, ""risk"": 3.5}, {""day"": ""Day -13"", ""day_num"": -13, ""risk"": 4.3}, {""day"": ""Day -12"", ""day_num"": -12, ""risk"": 6.3}, {""day"": ""Day -11"", ""day_num"": -11, ""risk"": 4.4}, {""day"": ""Day -10"", ""day_num"": -10, ""risk"": 7.0}, {""day"": ""Day -9"", ""day_num"": -9, ""risk"": 6.0}, {""day"": ""Day -8"", ""day_num"": -8, ""risk"": 7.3}, {""day"": ""Day -7"", ""day_num"": -7, ""risk"": 7.9}, {""day"": ""Day -6"", ""day_num"": -6, ""risk"": 7.3}, {""day"": ""Day -5"", ""day_num"": -5, ""risk"": 8.4}, {""day"": ""Day -4"", ""day_num"": -4, ""risk"": 8.4}, {""day"": ""Day -3"", ""day_num"": -3, ""risk"": 7.5}, {""day"": ""Day -2"", ""day_num"": -2, ""risk"": 9.5}, {""day"": ""Day -1"", ""day_num"": -1, ""risk"": 8.6}, {""day"": ""Day 0"", ""day_num"": 0, ""risk"": 10.3}]"
COW_083,Gir / Sahiwal / HF Cross,10.5,Healthy,4.31,610,25.2,37.9,31.3,77.2,11.1,12.0,12.6,14.1,16.5,"[{""day"": ""Day -14"", ""day_num"": -14, ""risk"": 4.8}, {""day"": ""Day -13"", ""day_num"": -13, ""risk"": 4.6}, {""day"": ""Day -12"", ""day_num"": -12, ""risk"": 4.7}, {""day"": ""Day -11"", ""day_num"": -11, ""risk"": 3.7}, {""day"": ""Day -10"", ""day_num"": -10, ""risk"": 5.5}, {""day"": ""Day -9"", ""day_num"": -9, ""risk"": 8.0}, {""day"": ""Day -8"", ""day_num"": -8, ""risk"": 8.0}, {""day"": ""Day -7"", ""day_num"": -7, ""risk"": 6.1}, {""day"": ""Day -6"", ""day_num"": -6, ""risk"": 7.6}, {""day"": ""Day -5"", ""day_num"": -5, ""risk"": 9.5}, {""day"": ""Day -4"", ""day_num"": -4, ""risk"": 6.9}, {""day"": ""Day -3"", ""day_num"": -3, ""risk"": 8.7}, {""day"": ""Day -2"", ""day_num"": -2, ""risk"": 11.0}, {""day"": ""Day -1"", ""day_num"": -1, ""risk"": 9.7}, {""day"": ""Day 0"", ""day_num"": 0, ""risk"": 8.8}]"
COW_093,Gir / Sahiwal / HF Cross,10.4,Healthy,4.51,609,29.4,37.9,29.1,71.0,10.0,11.2,10.8,10.6,10.1,"[{""day"": ""Day -14"", ""day_num"": -14, ""risk"": 5.8}, {""day"": ""Day -13"", ""day_num"": -13, ""risk"": 3.5}, {""day"": ""Day -12"", ""day_num"": -12, ""risk"": 4.8}, {""day"": ""Day -11"", ""day_num"": -11, ""risk"": 5.9}, {""day"": ""Day -10"", ""day_num"": -10, ""risk"": 7.8}, {""day"": ""Day -9"", ""day_num"": -9, ""risk"": 4.7}, {""day"": ""Day -8"", ""day_num"": -8, ""risk"": 6.7}, {""day"": ""Day -7"", ""day_num"": -7, ""risk"": 6.7}, {""day"": ""Day -6"", ""day_num"": -6, ""risk"": 9.1}, {""day"": ""Day -5"", ""day_num"": -5, ""risk"": 8.0}, {""day"": ""Day -4"", ""day_num"": -4, ""risk"": 7.0}, {""day"": ""Day -3"", ""day_num"": -3, ""risk"": 9.6}, {""day"": ""Day -2"", ""day_num"": -2, ""risk"": 10.6}, {""day"": ""Day -1"", ""day_num"": -1, ""risk"": 8.0}, {""day"": ""Day 0"", ""day_num"": 0, ""risk"": 11.8}]"
COW_061,Gir / Sahiwal / HF Cross,10.2,Healthy,4.34,575,31.7,37.9,29.5,73.0,9.6,9.6,11.0,11.7,13.1,"[{""day"": ""Day -14"", ""day_num"": -14, ""risk"": 4.5}, {""day"": ""Day -13"", ""day_num"": -13, ""risk"": 3.7}, {""day"": ""Day -12"", ""day_num"": -12, ""risk"": 6.2}, {""day"": ""Day -11"", ""day_num"": -11, ""risk"": 5.9}, {""day"": ""Day -10"", ""day_num"": -10, ""risk"": 4.6}, {""day"": ""Day -9"", ""day_num"": -9, ""risk"": 4.5}, {""day"": ""Day -8"", ""day_num"": -8, ""risk"": 4.8}, {""day"": ""Day -7"", ""day_num"": -7, ""risk"": 6.6}, {""day"": ""Day -6"", ""day_num"": -6, ""risk"": 6.6}, {""day"": ""Day -5"", ""day_num"": -5, ""risk"": 8.6}, {""day"": ""Day -4"", ""day_num"": -4, ""risk"": 8.4}, {""day"": ""Day -3"", ""day_num"": -3, ""risk"": 8.0}, {""day"": ""Day -2"", ""day_num"": -2, ""risk"": 7.9}, {""day"": ""Day -1"", ""day_num"": -1, ""risk"": 8.3}, {""day"": ""Day 0"", ""day_num"": 0, ""risk"": 11.7}]"
COW_059,Gir / Sahiwal / HF Cross,10.2,Healthy,4.45,584,27.9,38.1,28.9,61.2,11.1,10.5,11.0,11.2,10.8,"[{""day"": ""Day -14"", ""day_num"": -14, ""risk"": 2.3}, {""day"": ""Day -13"", ""day_num"": -13, ""risk"": 2.5}, {""day"": ""Day -12"", ""day_num"": -12, ""risk"": 3.4}, {""day"": ""Day -11"", ""day_num"": -11, ""risk"": 7.2}, {""day"": ""Day -10"", ""day_num"": -10, ""risk"": 6.0}, {""day"": ""Day -9"", ""day_num"": -9, ""risk"": 8.1}, {""day"": ""Day -8"", ""day_num"": -8, ""risk"": 6.4}, {""day"": ""Day -7"", ""day_num"": -7, ""risk"": 6.3}, {""day"": ""Day -6"", ""day_num"": -6, ""risk"": 7.6}, {""day"": ""Day -5"", ""day_num"": -5, ""risk"": 7.7}, {""day"": ""Day -4"", ""day_num"": -4, ""risk"": 6.8}, {""day"": ""Day -3"", ""day_num"": -3, ""risk"": 9.4}, {""day"": ""Day -2"", ""day_num"": -2, ""risk"": 8.2}, {""day"": ""Day -1"", ""day_num"": -1, ""risk"": 10.2}, {""day"": ""Day 0"", ""day_num"": 0, ""risk"": 10.8}]"
COW_080,Gir / Sahiwal / HF Cross,9.7,Healthy,4.83,621,29.4,37.9,30.8,71.8,9.3,10.2,12.1,11.9,11.9,"[{""day"": ""Day -14"", ""day_num"": -14, ""risk"": 5.9}, {""day"": ""Day -13"", ""day_num"": -13, ""risk"": 3.5}, {""day"": ""Day -12"", ""day_num"": -12, ""risk"": 4.4}, {""day"": ""Day -11"", ""day_num"": -11, ""risk"": 6.8}, {""day"": ""Day -10"", ""day_num"": -10, ""risk"": 3.6}, {""day"": ""Day -9"", ""day_num"": -9, ""risk"": 4.2}, {""day"": ""Day -8"", ""day_num"": -8, ""risk"": 6.9}, {""day"": ""Day -7"", ""day_num"": -7, ""risk"": 8.5}, {""day"": ""Day -6"", ""day_num"": -6, ""risk"": 6.2}, {""day"": ""Day -5"", ""day_num"": -5, ""risk"": 7.5}, {""day"": ""Day -4"", ""day_num"": -4, ""risk"": 7.9}, {""day"": ""Day -3"", ""day_num"": -3, ""risk"": 8.4}, {""day"": ""Day -2"", ""day_num"": -2, ""risk"": 9.4}, {""day"": ""Day -1"", ""day_num"": -1, ""risk"": 9.2}, {""day"": ""Day 0"", ""day_num"": 0, ""risk"": 9.5}]"
COW_099,Gir / Sahiwal / HF Cross,9.6,Healthy,4.67,544,25.7,37.8,30.3,71.0,8.6,9.7,10.9,10.9,12.4,"[{""day"": ""Day -14"", ""day_num"": -14, ""risk"": 5.8}, {""day"": ""Day -13"", ""day_num"": -13, ""risk"": 6.3}, {""day"": ""Day -12"", ""day_num"": -12, ""risk"": 4.4}, {""day"": ""Day -11"", ""day_num"": -11, ""risk"": 6.6}, {""day"": ""Day -10"", ""day_num"": -10, ""risk"": 6.7}, {""day"": ""Day -9"", ""day_num"": -9, ""risk"": 5.2}, {""day"": ""Day -8"", ""day_num"": -8, ""risk"": 5.3}, {""day"": ""Day -7"", ""day_num"": -7, ""risk"": 6.6}, {""day"": ""Day -6"", ""day_num"": -6, ""risk"": 8.3}, {""day"": ""Day -5"", ""day_num"": -5, ""risk"": 9.4}, {""day"": ""Day -4"", ""day_num"": -4, ""risk"": 9.0}, {""day"": ""Day -3"", ""day_num"": -3, ""risk"": 9.8}, {""day"": ""Day -2"", ""day_num"": -2, ""risk"": 9.2}, {""day"": ""Day -1"", ""day_num"": -1, ""risk"": 10.5}, {""day"": ""Day 0"", ""day_num"": 0, ""risk"": 10.7}]"
COW_036,Gir / Sahiwal / HF Cross,9.3,Healthy,4.57,523,24.2,38.2,28.3,60.4,9.6,10.9,12.3,14.3,14.6,"[{""day"": ""Day -14"", ""day_num"": -14, ""risk"": 3.6}, {""day"": ""Day -13"", ""day_num"": -13, ""risk"": 4.3}, {""day"": ""Day -12"", ""day_num"": -12, ""risk"": 5.3}, {""day"": ""Day -11"", ""day_num"": -11, ""risk"": 6.6}, {""day"": ""Day -10"", ""day_num"": -10, ""risk"": 7.4}, {""day"": ""Day -9"", ""day_num"": -9, ""risk"": 7.0}, {""day"": ""Day -8"", ""day_num"": -8, ""risk"": 5.9}, {""day"": ""Day -7"", ""day_num"": -7, ""risk"": 6.3}, {""day"": ""Day -6"", ""day_num"": -6, ""risk"": 8.0}, {""day"": ""Day -5"", ""day_num"": -5, ""risk"": 6.3}, {""day"": ""Day -4"", ""day_num"": -4, ""risk"": 6.2}, {""day"": ""Day -3"", ""day_num"": -3, ""risk"": 7.6}, {""day"": ""Day -2"", ""day_num"": -2, ""risk"": 7.7}, {""day"": ""Day -1"", ""day_num"": -1, ""risk"": 8.1}, {""day"": ""Day 0"", ""day_num"": 0, ""risk"": 8.2}]"
COW_028,Gir / Sahiwal / HF Cross,9.2,Healthy,4.89,527,26.8,38.0,31.6,61.3,10.1,10.2,9.9,10.2,9.7,"[{""day"": ""Day -14"", ""day_num"": -14, ""risk"": 4.0}, {""day"": ""Day -13"", ""day_num"": -13, ""risk"": 4.0}, {""day"": ""Day -12"", ""day_num"": -12, ""risk"": 6.4}, {""day"": ""Day -11"", ""day_num"": -11, ""risk"": 4.6}, {""day"": ""Day -10"", ""day_num"": -10, ""risk"": 5.8}, {""day"": ""Day -9"", ""day_num"": -9, ""risk"": 6.4}, {""day"": ""Day -8"", ""day_num"": -8, ""risk"": 4.3}, {""day"": ""Day -7"", ""day_num"": -7, ""risk"": 7.3}, {""day"": ""Day -6"", ""day_num"": -6, ""risk"": 5.7}, {""day"": ""Day -5"", ""day_num"": -5, ""risk"": 9.2}, {""day"": ""Day -4"", ""day_num"": -4, ""risk"": 6.3}, {""day"": ""Day -3"", ""day_num"": -3, ""risk"": 7.8}, {""day"": ""Day -2"", ""day_num"": -2, ""risk"": 6.8}, {""day"": ""Day -1"", ""day_num"": -1, ""risk"": 10.8}, {""day"": ""Day 0"", ""day_num"": 0, ""risk"": 9.2}]"
COW_094,Gir / Sahiwal / HF Cross,9.2,Healthy,4.78,626,29.3,38.0,28.1,67.6,10.4,10.0,11.0,11.8,11.9,"[{""day"": ""Day -14"", ""day_num"": -14, ""risk"": 4.6}, {""day"": ""Day -13"", ""day_num"": -13, ""risk"": 5.3}, {""day"": ""Day -12"", ""day_num"": -12, ""risk"": 4.0}, {""day"": ""Day -11"", ""day_num"": -11, ""risk"": 5.7}, {""day"": ""Day -10"", ""day_num"": -10, ""risk"": 5.1}, {""day"": ""Day -9"", ""day_num"": -9, ""risk"": 6.7}, {""day"": ""Day -8"", ""day_num"": -8, ""risk"": 5.0}, {""day"": ""Day -7"", ""day_num"": -7, ""risk"": 8.2}, {""day"": ""Day -6"", ""day_num"": -6, ""risk"": 6.1}, {""day"": ""Day -5"", ""day_num"": -5, ""risk"": 6.8}, {""day"": ""Day -4"", ""day_num"": -4, ""risk"": 6.0}, {""day"": ""Day -3"", ""day_num"": -3, ""risk"": 6.6}, {""day"": ""Day -2"", ""day_num"": -2, ""risk"": 8.6}, {""day"": ""Day -1"", ""day_num"": -1, ""risk"": 7.9}, {""day"": ""Day 0"", ""day_num"": 0, ""risk"": 10.6}]"
COW_088,Gir / Sahiwal / HF Cross,8.6,Healthy,4.43,640,27.1,38.1,28.1,69.5,8.9,9.3,10.9,12.8,13.3,"[{""day"": ""Day -14"", ""day_num"": -14, ""risk"": 5.1}, {""day"": ""Day -13"", ""day_num"": -13, ""risk"": 4.6}, {""day"": ""Day -12"", ""day_num"": -12, ""risk"": 6.5}, {""day"": ""Day -11"", ""day_num"": -11, ""risk"": 3.8}, {""day"": ""Day -10"", ""day_num"": -10, ""risk"": 3.8}, {""day"": ""Day -9"", ""day_num"": -9, ""risk"": 7.1}, {""day"": ""Day -8"", ""day_num"": -8, ""risk"": 5.7}, {""day"": ""Day -7"", ""day_num"": -7, ""risk"": 7.7}, {""day"": ""Day -6"", ""day_num"": -6, ""risk"": 8.2}, {""day"": ""Day -5"", ""day_num"": -5, ""risk"": 5.2}, {""day"": ""Day -4"", ""day_num"": -4, ""risk"": 8.8}, {""day"": ""Day -3"", ""day_num"": -3, ""risk"": 7.4}, {""day"": ""Day -2"", ""day_num"": -2, ""risk"": 8.0}, {""day"": ""Day -1"", ""day_num"": -1, ""risk"": 8.8}, {""day"": ""Day 0"", ""day_num"": 0, ""risk"": 10.3}]"
COW_052,Gir / Sahiwal / HF Cross,8.6,Healthy,4.38,500,28.8,38.1,33.4,64.9,9.1,9.3,9.4,11.0,11.9,"[{""day"": ""Day -14"", ""day_num"": -14, ""risk"": 2.1}, {""day"": ""Day -13"", ""day_num"": -13, ""risk"": 3.7}, {""day"": ""Day -12"", ""day_num"": -12, ""risk"": 4.2}, {""day"": ""Day -11"", ""day_num"": -11, ""risk"": 4.6}, {""day"": ""Day -10"", ""day_num"": -10, ""risk"": 5.6}, {""day"": ""Day -9"", ""day_num"": -9, ""risk"": 5.8}, {""day"": ""Day -8"", ""day_num"": -8, ""risk"": 6.4}, {""day"": ""Day -7"", ""day_num"": -7, ""risk"": 7.4}, {""day"": ""Day -6"", ""day_num"": -6, ""risk"": 7.9}, {""day"": ""Day -5"", ""day_num"": -5, ""risk"": 7.8}, {""day"": ""Day -4"", ""day_num"": -4, ""risk"": 9.1}, {""day"": ""Day -3"", ""day_num"": -3, ""risk"": 5.7}, {""day"": ""Day -2"", ""day_num"": -2, ""risk"": 6.7}, {""day"": ""Day -1"", ""day_num"": -1, ""risk"": 6.3}, {""day"": ""Day 0"", ""day_num"": 0, ""risk"": 9.2}]"
COW_022,Gir / Sahiwal / HF Cross,8.4,Healthy,4.72,548,31.9,38.1,33.6,71.1,8.0,7.3,6.8,6.5,6.1,"[{""day"": ""Day -14"", ""day_num"": -14, ""risk"": 3.1}, {""day"": ""Day -13"", ""day_num"": -13, ""risk"": 3.0}, {""day"": ""Day -12"", ""day_num"": -12, ""risk"": 6.2}, {""day"": ""Day -11"", ""day_num"": -11, ""risk"": 3.3}, {""day"": ""Day -10"", ""day_num"": -10, ""risk"": 5.4}, {""day"": ""Day -9"", ""day_num"": -9, ""risk"": 5.2}, {""day"": ""Day -8"", ""day_num"": -8, ""risk"": 7.8}, {""day"": ""Day -7"", ""day_num"": -7, ""risk"": 4.7}, {""day"": ""Day -6"", ""day_num"": -6, ""risk"": 6.1}, {""day"": ""Day -5"", ""day_num"": -5, ""risk"": 8.7}, {""day"": ""Day -4"", ""day_num"": -4, ""risk"": 8.6}, {""day"": ""Day -3"", ""day_num"": -3, ""risk"": 8.8}, {""day"": ""Day -2"", ""day_num"": -2, ""risk"": 6.8}, {""day"": ""Day -1"", ""day_num"": -1, ""risk"": 6.8}, {""day"": ""Day 0"", ""day_num"": 0, ""risk"": 9.1}]"
COW_095,Gir / Sahiwal / HF Cross,8.1,Healthy,4.22,589,31.6,37.8,30.1,74.8,8.9,8.7,10.4,10.2,11.8,"[{""day"": ""Day -14"", ""day_num"": -14, ""risk"": 2.2}, {""day"": ""Day -13"", ""day_num"": -13, ""risk"": 3.9}, {""day"": ""Day -12"", ""day_num"": -12, ""risk"": 5.6}, {""day"": ""Day -11"", ""day_num"": -11, ""risk"": 4.7}, {""day"": ""Day -10"", ""day_num"": -10, ""risk"": 4.2}, {""day"": ""Day -9"", ""day_num"": -9, ""risk"": 4.3}, {""day"": ""Day -8"", ""day_num"": -8, ""risk"": 4.3}, {""day"": ""Day -7"", ""day_num"": -7, ""risk"": 7.5}, {""day"": ""Day -6"", ""day_num"": -6, ""risk"": 6.6}, {""day"": ""Day -5"", ""day_num"": -5, ""risk"": 4.9}, {""day"": ""Day -4"", ""day_num"": -4, ""risk"": 6.4}, {""day"": ""Day -3"", ""day_num"": -3, ""risk"": 6.7}, {""day"": ""Day -2"", ""day_num"": -2, ""risk"": 6.2}, {""day"": ""Day -1"", ""day_num"": -1, ""risk"": 7.5}, {""day"": ""Day 0"", ""day_num"": 0, ""risk"": 7.4}]"
COW_075,Gir / Sahiwal / HF Cross,7.8,Healthy,5.0,548,25.3,37.8,33.0,62.0,8.2,8.6,9.7,11.4,10.7,"[{""day"": ""Day -14"", ""day_num"": -14, ""risk"": 2.7}, {""day"": ""Day -13"", ""day_num"": -13, ""risk"": 5.7}, {""day"": ""Day -12"", ""day_num"": -12, ""risk"": 5.8}, {""day"": ""Day -11"", ""day_num"": -11, ""risk"": 5.0}, {""day"": ""Day -10"", ""day_num"": -10, ""risk"": 5.9}, {""day"": ""Day -9"", ""day_num"": -9, ""risk"": 4.6}, {""day"": ""Day -8"", ""day_num"": -8, ""risk"": 5.5}, {""day"": ""Day -7"", ""day_num"": -7, ""risk"": 7.2}, {""day"": ""Day -6"", ""day_num"": -6, ""risk"": 6.0}, {""day"": ""Day -5"", ""day_num"": -5, ""risk"": 5.9}, {""day"": ""Day -4"", ""day_num"": -4, ""risk"": 6.7}, {""day"": ""Day -3"", ""day_num"": -3, ""risk"": 8.3}, {""day"": ""Day -2"", ""day_num"": -2, ""risk"": 6.6}, {""day"": ""Day -1"", ""day_num"": -1, ""risk"": 6.3}, {""day"": ""Day 0"", ""day_num"": 0, ""risk"": 8.7}]"
COW_058,Gir / Sahiwal / HF Cross,7.6,Healthy,4.52,640,31.5,38.2,33.6,71.5,7.0,8.0,8.7,9.4,9.7,"[{""day"": ""Day -14"", ""day_num"": -14, ""risk"": 3.6}, {""day"": ""Day -13"", ""day_num"": -13, ""risk"": 4.4}, {""day"": ""Day -12"", ""day_num"": -12, ""risk"": 5.0}, {""day"": ""Day -11"", ""day_num"": -11, ""risk"": 5.5}, {""day"": ""Day -10"", ""day_num"": -10, ""risk"": 5.2}, {""day"": ""Day -9"", ""day_num"": -9, ""risk"": 6.2}, {""day"": ""Day -8"", ""day_num"": -8, ""risk"": 4.1}, {""day"": ""Day -7"", ""day_num"": -7, ""risk"": 4.6}, {""day"": ""Day -6"", ""day_num"": -6, ""risk"": 7.3}, {""day"": ""Day -5"", ""day_num"": -5, ""risk"": 5.6}, {""day"": ""Day -4"", ""day_num"": -4, ""risk"": 4.7}, {""day"": ""Day -3"", ""day_num"": -3, ""risk"": 5.4}, {""day"": ""Day -2"", ""day_num"": -2, ""risk"": 6.0}, {""day"": ""Day -1"", ""day_num"": -1, ""risk"": 9.2}, {""day"": ""Day 0"", ""day_num"": 0, ""risk"": 7.9}]"
COW_025,Gir / Sahiwal / HF Cross,7.5,Healthy,4.8,632,28.6,38.0,31.0,75.1,7.5,7.8,7.0,6.7,7.6,"[{""day"": ""Day -14"", ""day_num"": -14, ""risk"": 3.3}, {""day"": ""Day -13"", ""day_num"": -13, ""risk"": 5.2}, {""day"": ""Day -12"", ""day_num"": -12, ""risk"": 5.3}, {""day"": ""Day -11"", ""day_num"": -11, ""risk"": 3.4}, {""day"": ""Day -10"", ""day_num"": -10, ""risk"": 6.5}, {""day"": ""Day -9"", ""day_num"": -9, ""risk"": 5.2}, {""day"": ""Day -8"", ""day_num"": -8, ""risk"": 6.5}, {""day"": ""Day -7"", ""day_num"": -7, ""risk"": 6.1}, {""day"": ""Day -6"", ""day_num"": -6, ""risk"": 8.0}, {""day"": ""Day -5"", ""day_num"": -5, ""risk"": 7.3}, {""day"": ""Day -4"", ""day_num"": -4, ""risk"": 7.3}, {""day"": ""Day -3"", ""day_num"": -3, ""risk"": 7.9}, {""day"": ""Day -2"", ""day_num"": -2, ""risk"": 5.6}, {""day"": ""Day -1"", ""day_num"": -1, ""risk"": 6.1}, {""day"": ""Day 0"", ""day_num"": 0, ""risk"": 8.4}]"
COW_066,Gir / Sahiwal / HF Cross,7.5,Healthy,4.65,646,24.8,38.1,33.0,60.2,8.7,8.7,8.2,8.9,10.7,"[{""day"": ""Day -14"", ""day_num"": -14, ""risk"": 5.5}, {""day"": ""Day -13"", ""day_num"": -13, ""risk"": 3.4}, {""day"": ""Day -12"", ""day_num"": -12, ""risk"": 3.3}, {""day"": ""Day -11"", ""day_num"": -11, ""risk"": 6.3}, {""day"": ""Day -10"", ""day_num"": -10, ""risk"": 5.6}, {""day"": ""Day -9"", ""day_num"": -9, ""risk"": 4.5}, {""day"": ""Day -8"", ""day_num"": -8, ""risk"": 6.5}, {""day"": ""Day -7"", ""day_num"": -7, ""risk"": 7.0}, {""day"": ""Day -6"", ""day_num"": -6, ""risk"": 6.4}, {""day"": ""Day -5"", ""day_num"": -5, ""risk"": 7.0}, {""day"": ""Day -4"", ""day_num"": -4, ""risk"": 6.0}, {""day"": ""Day -3"", ""day_num"": -3, ""risk"": 6.9}, {""day"": ""Day -2"", ""day_num"": -2, ""risk"": 7.1}, {""day"": ""Day -1"", ""day_num"": -1, ""risk"": 8.6}, {""day"": ""Day 0"", ""day_num"": 0, ""risk"": 8.8}]"
COW_082,Gir / Sahiwal / HF Cross,6.9,Healthy,4.74,534,29.7,38.3,33.3,72.0,7.7,8.8,7.8,9.0,10.9,"[{""day"": ""Day -14"", ""day_num"": -14, ""risk"": 5.5}, {""day"": ""Day -13"", ""day_num"": -13, ""risk"": 3.2}, {""day"": ""Day -12"", ""day_num"": -12, ""risk"": 5.1}, {""day"": ""Day -11"", ""day_num"": -11, ""risk"": 5.8}, {""day"": ""Day -10"", ""day_num"": -10, ""risk"": 5.5}, {""day"": ""Day -9"", ""day_num"": -9, ""risk"": 3.4}, {""day"": ""Day -8"", ""day_num"": -8, ""risk"": 5.6}, {""day"": ""Day -7"", ""day_num"": -7, ""risk"": 5.6}, {""day"": ""Day -6"", ""day_num"": -6, ""risk"": 7.2}, {""day"": ""Day -5"", ""day_num"": -5, ""risk"": 5.5}, {""day"": ""Day -4"", ""day_num"": -4, ""risk"": 5.3}, {""day"": ""Day -3"", ""day_num"": -3, ""risk"": 7.3}, {""day"": ""Day -2"", ""day_num"": -2, ""risk"": 6.1}, {""day"": ""Day -1"", ""day_num"": -1, ""risk"": 7.3}, {""day"": ""Day 0"", ""day_num"": 0, ""risk"": 7.5}]"
COW_039,Gir / Sahiwal / HF Cross,6.9,Healthy,4.78,579,28.3,38.3,32.2,63.8,6.2,7.4,9.4,8.6,10.7,"[{""day"": ""Day -14"", ""day_num"": -14, ""risk"": 5.6}, {""day"": ""Day -13"", ""day_num"": -13, ""risk"": 4.5}, {""day"": ""Day -12"", ""day_num"": -12, ""risk"": 5.1}, {""day"": ""Day -11"", ""day_num"": -11, ""risk"": 4.8}, {""day"": ""Day -10"", ""day_num"": -10, ""risk"": 6.3}, {""day"": ""Day -9"", ""day_num"": -9, ""risk"": 6.0}, {""day"": ""Day -8"", ""day_num"": -8, ""risk"": 5.3}, {""day"": ""Day -7"", ""day_num"": -7, ""risk"": 6.9}, {""day"": ""Day -6"", ""day_num"": -6, ""risk"": 4.6}, {""day"": ""Day -5"", ""day_num"": -5, ""risk"": 4.5}, {""day"": ""Day -4"", ""day_num"": -4, ""risk"": 4.7}, {""day"": ""Day -3"", ""day_num"": -3, ""risk"": 5.6}, {""day"": ""Day -2"", ""day_num"": -2, ""risk"": 5.4}, {""day"": ""Day -1"", ""day_num"": -1, ""risk"": 8.4}, {""day"": ""Day 0"", ""day_num"": 0, ""risk"": 5.3}]"
COW_064,Gir / Sahiwal / HF Cross,6.9,Healthy,4.26,611,27.8,38.2,28.1,79.8,6.7,6.0,6.5,5.8,6.5,"[{""day"": ""Day -14"", ""day_num"": -14, ""risk"": 4.1}, {""day"": ""Day -13"", ""day_num"": -13, ""risk"": 4.7}, {""day"": ""Day -12"", ""day_num"": -12, ""risk"": 3.0}, {""day"": ""Day -11"", ""day_num"": -11, ""risk"": 2.8}, {""day"": ""Day -10"", ""day_num"": -10, ""risk"": 3.3}, {""day"": ""Day -9"", ""day_num"": -9, ""risk"": 5.4}, {""day"": ""Day -8"", ""day_num"": -8, ""risk"": 3.6}, {""day"": ""Day -7"", ""day_num"": -7, ""risk"": 5.0}, {""day"": ""Day -6"", ""day_num"": -6, ""risk"": 5.9}, {""day"": ""Day -5"", ""day_num"": -5, ""risk"": 5.4}, {""day"": ""Day -4"", ""day_num"": -4, ""risk"": 4.7}, {""day"": ""Day -3"", ""day_num"": -3, ""risk"": 5.4}, {""day"": ""Day -2"", ""day_num"": -2, ""risk"": 8.2}, {""day"": ""Day -1"", ""day_num"": -1, ""risk"": 7.4}, {""day"": ""Day 0"", ""day_num"": 0, ""risk"": 6.9}]"
COW_076,Gir / Sahiwal / HF Cross,6.6,Healthy,4.31,530,29.9,37.9,30.2,61.4,7.1,7.2,8.0,9.2,11.0,"[{""day"": ""Day -14"", ""day_num"": -14, ""risk"": 3.0}, {""day"": ""Day -13"", ""day_num"": -13, ""risk"": 2.3}, {""day"": ""Day -12"", ""day_num"": -12, ""risk"": 5.3}, {""day"": ""Day -11"", ""day_num"": -11, ""risk"": 3.0}, {""day"": ""Day -10"", ""day_num"": -10, ""risk"": 4.0}, {""day"": ""Day -9"", ""day_num"": -9, ""risk"": 2.9}, {""day"": ""Day -8"", ""day_num"": -8, ""risk"": 5.8}, {""day"": ""Day -7"", ""day_num"": -7, ""risk"": 4.0}, {""day"": ""Day -6"", ""day_num"": -6, ""risk"": 6.1}, {""day"": ""Day -5"", ""day_num"": -5, ""risk"": 7.6}, {""day"": ""Day -4"", ""day_num"": -4, ""risk"": 4.1}, {""day"": ""Day -3"", ""day_num"": -3, ""risk"": 4.3}, {""day"": ""Day -2"", ""day_num"": -2, ""risk"": 5.6}, {""day"": ""Day -1"", ""day_num"": -1, ""risk"": 7.9}, {""day"": ""Day 0"", ""day_num"": 0, ""risk"": 5.5}]"
COW_030,Gir / Sahiwal / HF Cross,6.3,Healthy,4.38,561,24.8,38.2,32.9,66.8,5.8,6.4,6.1,5.4,5.3,"[{""day"": ""Day -14"", ""day_num"": -14, ""risk"": 5.4}, {""day"": ""Day -13"", ""day_num"": -13, ""risk"": 5.5}, {""day"": ""Day -12"", ""day_num"": -12, ""risk"": 3.9}, {""day"": ""Day -11"", ""day_num"": -11, ""risk"": 5.2}, {""day"": ""Day -10"", ""day_num"": -10, ""risk"": 3.5}, {""day"": ""Day -9"", ""day_num"": -9, ""risk"": 4.0}, {""day"": ""Day -8"", ""day_num"": -8, ""risk"": 6.6}, {""day"": ""Day -7"", ""day_num"": -7, ""risk"": 3.2}, {""day"": ""Day -6"", ""day_num"": -6, ""risk"": 3.7}, {""day"": ""Day -5"", ""day_num"": -5, ""risk"": 4.3}, {""day"": ""Day -4"", ""day_num"": -4, ""risk"": 3.8}, {""day"": ""Day -3"", ""day_num"": -3, ""risk"": 4.6}, {""day"": ""Day -2"", ""day_num"": -2, ""risk"": 6.3}, {""day"": ""Day -1"", ""day_num"": -1, ""risk"": 5.8}, {""day"": ""Day 0"", ""day_num"": 0, ""risk"": 7.9}]"
COW_055,Gir / Sahiwal / HF Cross,6.3,Healthy,4.28,526,29.1,38.1,29.2,66.5,6.6,6.2,6.4,7.2,7.9,"[{""day"": ""Day -14"", ""day_num"": -14, ""risk"": 2.5}, {""day"": ""Day -13"", ""day_num"": -13, ""risk"": 4.9}, {""day"": ""Day -12"", ""day_num"": -12, ""risk"": 3.9}, {""day"": ""Day -11"", ""day_num"": -11, ""risk"": 4.2}, {""day"": ""Day -10"", ""day_num"": -10, ""risk"": 5.5}, {""day"": ""Day -9"", ""day_num"": -9, ""risk"": 5.6}, {""day"": ""Day -8"", ""day_num"": -8, ""risk"": 6.9}, {""day"": ""Day -7"", ""day_num"": -7, ""risk"": 3.6}, {""day"": ""Day -6"", ""day_num"": -6, ""risk"": 3.7}, {""day"": ""Day -5"", ""day_num"": -5, ""risk"": 6.3}, {""day"": ""Day -4"", ""day_num"": -4, ""risk"": 5.9}, {""day"": ""Day -3"", ""day_num"": -3, ""risk"": 4.9}, {""day"": ""Day -2"", ""day_num"": -2, ""risk"": 4.2}, {""day"": ""Day -1"", ""day_num"": -1, ""risk"": 4.4}, {""day"": ""Day 0"", ""day_num"": 0, ""risk"": 7.8}]"
COW_096,Gir / Sahiwal / HF Cross,6.3,Healthy,4.71,501,24.0,37.9,31.3,79.3,7.0,8.4,9.9,9.0,11.2,"[{""day"": ""Day -14"", ""day_num"": -14, ""risk"": 5.1}, {""day"": ""Day -13"", ""day_num"": -13, ""risk"": 4.0}, {""day"": ""Day -12"", ""day_num"": -12, ""risk"": 3.9}, {""day"": ""Day -11"", ""day_num"": -11, ""risk"": 3.7}, {""day"": ""Day -10"", ""day_num"": -10, ""risk"": 2.9}, {""day"": ""Day -9"", ""day_num"": -9, ""risk"": 3.8}, {""day"": ""Day -8"", ""day_num"": -8, ""risk"": 4.0}, {""day"": ""Day -7"", ""day_num"": -7, ""risk"": 5.1}, {""day"": ""Day -6"", ""day_num"": -6, ""risk"": 6.3}, {""day"": ""Day -5"", ""day_num"": -5, ""risk"": 5.4}, {""day"": ""Day -4"", ""day_num"": -4, ""risk"": 3.9}, {""day"": ""Day -3"", ""day_num"": -3, ""risk"": 7.7}, {""day"": ""Day -2"", ""day_num"": -2, ""risk"": 7.8}, {""day"": ""Day -1"", ""day_num"": -1, ""risk"": 7.3}, {""day"": ""Day 0"", ""day_num"": 0, ""risk"": 8.3}]"
COW_038,Gir / Sahiwal / HF Cross,6.2,Healthy,4.61,509,32.0,37.9,30.5,67.5,6.2,7.1,8.2,7.7,9.5,"[{""day"": ""Day -14"", ""day_num"": -14, ""risk"": 2.9}, {""day"": ""Day -13"", ""day_num"": -13, ""risk"": 4.3}, {""day"": ""Day -12"", ""day_num"": -12, ""risk"": 4.7}, {""day"": ""Day -11"", ""day_num"": -11, ""risk"": 4.8}, {""day"": ""Day -10"", ""day_num"": -10, ""risk"": 3.0}, {""day"": ""Day -9"", ""day_num"": -9, ""risk"": 6.3}, {""day"": ""Day -8"", ""day_num"": -8, ""risk"": 4.0}, {""day"": ""Day -7"", ""day_num"": -7, ""risk"": 3.6}, {""day"": ""Day -6"", ""day_num"": -6, ""risk"": 6.8}, {""day"": ""Day -5"", ""day_num"": -5, ""risk"": 7.3}, {""day"": ""Day -4"", ""day_num"": -4, ""risk"": 7.1}, {""day"": ""Day -3"", ""day_num"": -3, ""risk"": 7.0}, {""day"": ""Day -2"", ""day_num"": -2, ""risk"": 6.5}, {""day"": ""Day -1"", ""day_num"": -1, ""risk"": 6.3}, {""day"": ""Day 0"", ""day_num"": 0, ""risk"": 4.6}]"
COW_020,Gir / Sahiwal / HF Cross,5.7,Healthy,4.27,490,28.3,38.0,28.4,63.0,6.9,6.2,6.2,6.2,5.5,"[{""day"": ""Day -14"", ""day_num"": -14, ""risk"": 4.8}, {""day"": ""Day -13"", ""day_num"": -13, ""risk"": 4.2}, {""day"": ""Day -12"", ""day_num"": -12, ""risk"": 2.9}, {""day"": ""Day -11"", ""day_num"": -11, ""risk"": 3.9}, {""day"": ""Day -10"", ""day_num"": -10, ""risk"": 2.5}, {""day"": ""Day -9"", ""day_num"": -9, ""risk"": 6.1}, {""day"": ""Day -8"", ""day_num"": -8, ""risk"": 3.0}, {""day"": ""Day -7"", ""day_num"": -7, ""risk"": 5.2}, {""day"": ""Day -6"", ""day_num"": -6, ""risk"": 6.9}, {""day"": ""Day -5"", ""day_num"": -5, ""risk"": 5.2}, {""day"": ""Day -4"", ""day_num"": -4, ""risk"": 6.9}, {""day"": ""Day -3"", ""day_num"": -3, ""risk"": 4.2}, {""day"": ""Day -2"", ""day_num"": -2, ""risk"": 6.5}, {""day"": ""Day -1"", ""day_num"": -1, ""risk"": 5.7}, {""day"": ""Day 0"", ""day_num"": 0, ""risk"": 6.5}]"
COW_003,Gir / Sahiwal / HF Cross,5.5,Healthy,4.63,551,25.8,37.9,33.9,64.8,5.3,6.7,6.6,7.2,8.7,"[{""day"": ""Day -14"", ""day_num"": -14, ""risk"": 5.9}, {""day"": ""Day -13"", ""day_num"": -13, ""risk"": 6.0}, {""day"": ""Day -12"", ""day_num"": -12, ""risk"": 3.2}, {""day"": ""Day -11"", ""day_num"": -11, ""risk"": 4.3}, {""day"": ""Day -10"", ""day_num"": -10, ""risk"": 3.6}, {""day"": ""Day -9"", ""day_num"": -9, ""risk"": 3.7}, {""day"": ""Day -8"", ""day_num"": -8, ""risk"": 2.8}, {""day"": ""Day -7"", ""day_num"": -7, ""risk"": 5.2}, {""day"": ""Day -6"", ""day_num"": -6, ""risk"": 4.9}, {""day"": ""Day -5"", ""day_num"": -5, ""risk"": 3.2}, {""day"": ""Day -4"", ""day_num"": -4, ""risk"": 4.2}, {""day"": ""Day -3"", ""day_num"": -3, ""risk"": 6.8}, {""day"": ""Day -2"", ""day_num"": -2, ""risk"": 4.2}, {""day"": ""Day -1"", ""day_num"": -1, ""risk"": 3.9}, {""day"": ""Day 0"", ""day_num"": 0, ""risk"": 5.4}]"
COW_017,Gir / Sahiwal / HF Cross,5.3,Healthy,4.68,552,27.1,38.2,28.3,65.4,5.7,4.8,3.9,3.3,2.4,"[{""day"": ""Day -14"", ""day_num"": -14, ""risk"": 4.8}, {""day"": ""Day -13"", ""day_num"": -13, ""risk"": 4.2}, {""day"": ""Day -12"", ""day_num"": -12, ""risk"": 5.2}, {""day"": ""Day -11"", ""day_num"": -11, ""risk"": 5.9}, {""day"": ""Day -10"", ""day_num"": -10, ""risk"": 4.7}, {""day"": ""Day -9"", ""day_num"": -9, ""risk"": 5.4}, {""day"": ""Day -8"", ""day_num"": -8, ""risk"": 5.6}, {""day"": ""Day -7"", ""day_num"": -7, ""risk"": 4.1}, {""day"": ""Day -6"", ""day_num"": -6, ""risk"": 3.7}, {""day"": ""Day -5"", ""day_num"": -5, ""risk"": 3.6}, {""day"": ""Day -4"", ""day_num"": -4, ""risk"": 3.9}, {""day"": ""Day -3"", ""day_num"": -3, ""risk"": 4.1}, {""day"": ""Day -2"", ""day_num"": -2, ""risk"": 3.9}, {""day"": ""Day -1"", ""day_num"": -1, ""risk"": 6.7}, {""day"": ""Day 0"", ""day_num"": 0, ""risk"": 6.3}]"
COW_021,Gir / Sahiwal / HF Cross,5.0,Healthy,4.75,640,28.1,38.1,28.8,65.7,4.3,4.4,5.0,4.7,4.7,"[{""day"": ""Day -14"", ""day_num"": -14, ""risk"": 2.1}, {""day"": ""Day -13"", ""day_num"": -13, ""risk"": 3.4}, {""day"": ""Day -12"", ""day_num"": -12, ""risk"": 3.0}, {""day"": ""Day -11"", ""day_num"": -11, ""risk"": 3.5}, {""day"": ""Day -10"", ""day_num"": -10, ""risk"": 2.8}, {""day"": ""Day -9"", ""day_num"": -9, ""risk"": 5.9}, {""day"": ""Day -8"", ""day_num"": -8, ""risk"": 4.8}, {""day"": ""Day -7"", ""day_num"": -7, ""risk"": 5.2}, {""day"": ""Day -6"", ""day_num"": -6, ""risk"": 5.7}, {""day"": ""Day -5"", ""day_num"": -5, ""risk"": 4.6}, {""day"": ""Day -4"", ""day_num"": -4, ""risk"": 3.1}, {""day"": ""Day -3"", ""day_num"": -3, ""risk"": 4.9}, {""day"": ""Day -2"", ""day_num"": -2, ""risk"": 5.2}, {""day"": ""Day -1"", ""day_num"": -1, ""risk"": 5.9}, {""day"": ""Day 0"", ""day_num"": 0, ""risk"": 4.7}]"
COW_072,Gir / Sahiwal / HF Cross,4.7,Healthy,4.89,532,24.5,38.2,30.0,75.1,5.1,4.3,4.7,5.1,4.7,"[{""day"": ""Day -14"", ""day_num"": -14, ""risk"": 5.4}, {""day"": ""Day -13"", ""day_num"": -13, ""risk"": 4.7}, {""day"": ""Day -12"", ""day_num"": -12, ""risk"": 4.0}, {""day"": ""Day -11"", ""day_num"": -11, ""risk"": 3.8}, {""day"": ""Day -10"", ""day_num"": -10, ""risk"": 4.8}, {""day"": ""Day -9"", ""day_num"": -9, ""risk"": 4.4}, {""day"": ""Day -8"", ""day_num"": -8, ""risk"": 2.6}, {""day"": ""Day -7"", ""day_num"": -7, ""risk"": 4.4}, {""day"": ""Day -6"", ""day_num"": -6, ""risk"": 5.6}, {""day"": ""Day -5"", ""day_num"": -5, ""risk"": 4.3}, {""day"": ""Day -4"", ""day_num"": -4, ""risk"": 2.7}, {""day"": ""Day -3"", ""day_num"": -3, ""risk"": 5.7}, {""day"": ""Day -2"", ""day_num"": -2, ""risk"": 3.4}, {""day"": ""Day -1"", ""day_num"": -1, ""risk"": 3.7}, {""day"": ""Day 0"", ""day_num"": 0, ""risk"": 3.4}]"
COW_026,Gir / Sahiwal / HF Cross,4.5,Healthy,4.63,536,30.8,37.9,28.1,77.4,4.5,5.5,5.0,4.7,6.2,"[{""day"": ""Day -14"", ""day_num"": -14, ""risk"": 4.6}, {""day"": ""Day -13"", ""day_num"": -13, ""risk"": 4.8}, {""day"": ""Day -12"", ""day_num"": -12, ""risk"": 4.2}, {""day"": ""Day -11"", ""day_num"": -11, ""risk"": 3.1}, {""day"": ""Day -10"", ""day_num"": -10, ""risk"": 3.5}, {""day"": ""Day -9"", ""day_num"": -9, ""risk"": 2.9}, {""day"": ""Day -8"", ""day_num"": -8, ""risk"": 5.9}, {""day"": ""Day -7"", ""day_num"": -7, ""risk"": 4.6}, {""day"": ""Day -6"", ""day_num"": -6, ""risk"": 3.9}, {""day"": ""Day -5"", ""day_num"": -5, ""risk"": 4.2}, {""day"": ""Day -4"", ""day_num"": -4, ""risk"": 6.2}, {""day"": ""Day -3"", ""day_num"": -3, ""risk"": 3.0}, {""day"": ""Day -2"", ""day_num"": -2, ""risk"": 4.8}, {""day"": ""Day -1"", ""day_num"": -1, ""risk"": 4.5}, {""day"": ""Day 0"", ""day_num"": 0, ""risk"": 5.0}]"
COW_014,Gir / Sahiwal / HF Cross,4.3,Healthy,4.76,626,30.6,38.2,28.7,73.0,3.5,2.7,4.6,4.8,5.1,"[{""day"": ""Day -14"", ""day_num"": -14, ""risk"": 5.8}, {""day"": ""Day -13"", ""day_num"": -13, ""risk"": 6.0}, {""day"": ""Day -12"", ""day_num"": -12, ""risk"": 5.1}, {""day"": ""Day -11"", ""day_num"": -11, ""risk"": 3.6}, {""day"": ""Day -10"", ""day_num"": -10, ""risk"": 2.4}, {""day"": ""Day -9"", ""day_num"": -9, ""risk"": 5.2}, {""day"": ""Day -8"", ""day_num"": -8, ""risk"": 4.3}, {""day"": ""Day -7"", ""day_num"": -7, ""risk"": 3.8}, {""day"": ""Day -6"", ""day_num"": -6, ""risk"": 5.8}, {""day"": ""Day -5"", ""day_num"": -5, ""risk"": 2.6}, {""day"": ""Day -4"", ""day_num"": -4, ""risk"": 4.2}, {""day"": ""Day -3"", ""day_num"": -3, ""risk"": 2.3}, {""day"": ""Day -2"", ""day_num"": -2, ""risk"": 4.1}, {""day"": ""Day -1"", ""day_num"": -1, ""risk"": 2.5}, {""day"": ""Day 0"", ""day_num"": 0, ""risk"": 2.7}]"
COW_063,Gir / Sahiwal / HF Cross,4.3,Healthy,4.77,598,30.4,37.9,28.1,65.1,3.4,3.6,3.8,4.2,6.7,"[{""day"": ""Day -14"", ""day_num"": -14, ""risk"": 5.8}, {""day"": ""Day -13"", ""day_num"": -13, ""risk"": 5.2}, {""day"": ""Day -12"", ""day_num"": -12, ""risk"": 3.5}, {""day"": ""Day -11"", ""day_num"": -11, ""risk"": 3.7}, {""day"": ""Day -10"", ""day_num"": -10, ""risk"": 4.3}, {""day"": ""Day -9"", ""day_num"": -9, ""risk"": 5.4}, {""day"": ""Day -8"", ""day_num"": -8, ""risk"": 2.4}, {""day"": ""Day -7"", ""day_num"": -7, ""risk"": 3.8}, {""day"": ""Day -6"", ""day_num"": -6, ""risk"": 2.5}, {""day"": ""Day -5"", ""day_num"": -5, ""risk"": 4.2}, {""day"": ""Day -4"", ""day_num"": -4, ""risk"": 5.8}, {""day"": ""Day -3"", ""day_num"": -3, ""risk"": 5.3}, {""day"": ""Day -2"", ""day_num"": -2, ""risk"": 3.1}, {""day"": ""Day -1"", ""day_num"": -1, ""risk"": 6.2}, {""day"": ""Day 0"", ""day_num"": 0, ""risk"": 4.9}]"
COW_079,Gir / Sahiwal / HF Cross,4.2,Healthy,4.39,602,26.3,38.0,29.0,79.0,3.9,4.8,5.5,6.5,6.4,"[{""day"": ""Day -14"", ""day_num"": -14, ""risk"": 4.0}, {""day"": ""Day -13"", ""day_num"": -13, ""risk"": 5.0}, {""day"": ""Day -12"", ""day_num"": -12, ""risk"": 4.1}, {""day"": ""Day -11"", ""day_num"": -11, ""risk"": 2.2}, {""day"": ""Day -10"", ""day_num"": -10, ""risk"": 5.5}, {""day"": ""Day -9"", ""day_num"": -9, ""risk"": 2.3}, {""day"": ""Day -8"", ""day_num"": -8, ""risk"": 5.9}, {""day"": ""Day -7"", ""day_num"": -7, ""risk"": 2.2}, {""day"": ""Day -6"", ""day_num"": -6, ""risk"": 4.9}, {""day"": ""Day -5"", ""day_num"": -5, ""risk"": 2.4}, {""day"": ""Day -4"", ""day_num"": -4, ""risk"": 5.8}, {""day"": ""Day -3"", ""day_num"": -3, ""risk"": 4.0}, {""day"": ""Day -2"", ""day_num"": -2, ""risk"": 2.7}, {""day"": ""Day -1"", ""day_num"": -1, ""risk"": 3.5}, {""day"": ""Day 0"", ""day_num"": 0, ""risk"": 2.8}]"
COW_035,Gir / Sahiwal / HF Cross,3.5,Healthy,4.76,626,25.5,37.9,30.6,77.5,3.6,4.6,5.8,5.0,5.5,"[{""day"": ""Day -14"", ""day_num"": -14, ""risk"": 4.6}, {""day"": ""Day -13"", ""day_num"": -13, ""risk"": 4.6}, {""day"": ""Day -12"", ""day_num"": -12, ""risk"": 3.4}, {""day"": ""Day -11"", ""day_num"": -11, ""risk"": 4.1}, {""day"": ""Day -10"", ""day_num"": -10, ""risk"": 3.8}, {""day"": ""Day -9"", ""day_num"": -9, ""risk"": 5.4}, {""day"": ""Day -8"", ""day_num"": -8, ""risk"": 3.9}, {""day"": ""Day -7"", ""day_num"": -7, ""risk"": 3.5}, {""day"": ""Day -6"", ""day_num"": -6, ""risk"": 3.3}, {""day"": ""Day -5"", ""day_num"": -5, ""risk"": 4.0}, {""day"": ""Day -4"", ""day_num"": -4, ""risk"": 4.9}, {""day"": ""Day -3"", ""day_num"": -3, ""risk"": 3.8}, {""day"": ""Day -2"", ""day_num"": -2, ""risk"": 4.2}, {""day"": ""Day -1"", ""day_num"": -1, ""risk"": 4.5}, {""day"": ""Day 0"", ""day_num"": 0, ""risk"": 3.6}]"
COW_018,Gir / Sahiwal / HF Cross,3.3,Healthy,4.6,607,30.7,38.0,29.8,70.5,4.4,5.8,5.1,6.4,7.5,"[{""day"": ""Day -14"", ""day_num"": -14, ""risk"": 3.7}, {""day"": ""Day -13"", ""day_num"": -13, ""risk"": 5.1}, {""day"": ""Day -12"", ""day_num"": -12, ""risk"": 4.5}, {""day"": ""Day -11"", ""day_num"": -11, ""risk"": 5.1}, {""day"": ""Day -10"", ""day_num"": -10, ""risk"": 5.4}, {""day"": ""Day -9"", ""day_num"": -9, ""risk"": 4.2}, {""day"": ""Day -8"", ""day_num"": -8, ""risk"": 5.6}, {""day"": ""Day -7"", ""day_num"": -7, ""risk"": 4.1}, {""day"": ""Day -6"", ""day_num"": -6, ""risk"": 4.2}, {""day"": ""Day -5"", ""day_num"": -5, ""risk"": 3.8}, {""day"": ""Day -4"", ""day_num"": -4, ""risk"": 2.0}, {""day"": ""Day -3"", ""day_num"": -3, ""risk"": 4.4}, {""day"": ""Day -2"", ""day_num"": -2, ""risk"": 3.6}, {""day"": ""Day -1"", ""day_num"": -1, ""risk"": 3.2}, {""day"": ""Day 0"", ""day_num"": 0, ""risk"": 5.0}]"
